,id,spotify_id,list_name,list_id,song_id,song_name,artist,popularity,release_date,energy,liveness,tempo,speechiness,acousticness,instrumentalness,danceability,duration_ms,loudness,valence,mode,key
0,1,4a52HM6SrYSAY5mR0TKNQ5,Yoga Mix,,,,,,,,,,,,,,,,,,
1,2,5YEjVJDZUPPybUvNWWfDM0,Chillax Dance Mix,5YEjVJDZUPPybUvNWWfDM0,2mCF8L0brIs88eH6Kf2h9p,Fast Car,Jonas Blue,68,2015-12-04,0.57,0.299,113.945,0.052,0.484,0,0.644,212424,-6.994,0.527,1,9
2,2,5YEjVJDZUPPybUvNWWfDM0,Chillax Dance Mix,5YEjVJDZUPPybUvNWWfDM0,2tnVG71enUj33Ic2nFN6kZ,Ride It,Regard,86,2019-07-26,0.751,0.106,117.948,0.0874,0.177,6.43e-05,0.88,157606,-4.258,0.884,0,7
3,2,5YEjVJDZUPPybUvNWWfDM0,Chillax Dance Mix,5YEjVJDZUPPybUvNWWfDM0,2tnVG71enUj33Ic2nFN6kZ,Ride It,Regard,86,2019-07-26,0.751,0.106,117.948,0.0874,0.177,6.43e-05,0.88,157606,-4.258,0.884,0,7
4,2,5YEjVJDZUPPybUvNWWfDM0,Chillax Dance Mix,5YEjVJDZUPPybUvNWWfDM0,0vbtURX4qv1l7besfwmnD8,I Took A Pill In Ibiza - Seeb Remix,Mike Posner,77,2016-05-06,0.714,0.0843,101.969,0.111,0.0353,8.42e-06,0.664,197933,-6.645,0.71,0,7
5,2,5YEjVJDZUPPybUvNWWfDM0,Chillax Dance Mix,5YEjVJDZUPPybUvNWWfDM0,4WxU1gDVmoH6gstgR0MT78,Lean On,Major Lazer,42,2015-06-01,0.809,0.565,98.007,0.0625,0.00346,0.00123,0.723,176561,-3.081,0.274,0,7
6,2,5YEjVJDZUPPybUvNWWfDM0,Chillax Dance Mix,5YEjVJDZUPPybUvNWWfDM0,66wF9HWqR8RpQ47tiVQpgx,Last Hurrah - David Guetta Remix,Bebe Rexha,58,2019-04-19,0.712,0.21,91.033,0.0528,0.105,1.82e-06,0.683,191868,-6.954,0.59,0,11
7,2,5YEjVJDZUPPybUvNWWfDM0,Chillax Dance Mix,5YEjVJDZUPPybUvNWWfDM0,4GSDkZt7GcmzBWmsMcpaVO,Dancing In The Moonlight (feat. NEIMY),Jubël,77,2018-06-22,0.615,0.187,119.843,0.0644,0.27,0,0.659,164010,-5.865,0.193,0,11
8,2,5YEjVJDZUPPybUvNWWfDM0,Chillax Dance Mix,5YEjVJDZUPPybUvNWWfDM0,5c0lWlmIyCq7hzBhpZasYL,Weekend Vibe,Jubël,69,2021-01-15,0.742,0.186,110.026,0.0496,0.00912,1.37e-06,0.688,166909,-6.363,0.74,1,5
9,2,5YEjVJDZUPPybUvNWWfDM0,Chillax Dance Mix,5YEjVJDZUPPybUvNWWfDM0,2F83FxNVkK6PPMHuYnwyVc,Let It Be Me (feat. Ava Max),David Guetta,67,2018-09-14,0.529,0.181,102.048,0.0505,0.128,0,0.743,172933,-6.187,0.438,0,7
10,2,5YEjVJDZUPPybUvNWWfDM0,Chillax Dance Mix,5YEjVJDZUPPybUvNWWfDM0,3y3brCCecHC3Db18aIOnny,"Carry On (from the Original Motion Picture ""POKÉMON Detective Pikachu"")",Kygo,70,2019-04-19,0.705,0.131,121.799,0.079,0.381,0.000116,0.591,215316,-6.519,0.27,0,9
11,2,5YEjVJDZUPPybUvNWWfDM0,Chillax Dance Mix,5YEjVJDZUPPybUvNWWfDM0,2jGOQqWZKjy6A64kWIcdIs,"Like A Riddle (feat. Hearts & Colors, Adam Trigger)",Felix Jaehn,51,2018-02-16,0.722,0.117,109.992,0.0377,0.077,4.54e-06,0.809,179565,-4.953,0.538,1,7
12,2,5YEjVJDZUPPybUvNWWfDM0,Chillax Dance Mix,5YEjVJDZUPPybUvNWWfDM0,2jGOQqWZKjy6A64kWIcdIs,"Like A Riddle (feat. Hearts & Colors, Adam Trigger)",Felix Jaehn,51,2018-02-16,0.722,0.117,109.992,0.0377,0.077,4.54e-06,0.809,179565,-4.953,0.538,1,7
13,2,5YEjVJDZUPPybUvNWWfDM0,Chillax Dance Mix,5YEjVJDZUPPybUvNWWfDM0,2jGOQqWZKjy6A64kWIcdIs,"Like A Riddle (feat. Hearts & Colors, Adam Trigger)",Felix Jaehn,51,2018-02-16,0.722,0.117,109.992,0.0377,0.077,4.54e-06,0.809,179565,-4.953,0.538,1,7
14,2,5YEjVJDZUPPybUvNWWfDM0,Chillax Dance Mix,5YEjVJDZUPPybUvNWWfDM0,2jGOQqWZKjy6A64kWIcdIs,"Like A Riddle (feat. Hearts & Colors, Adam Trigger)",Felix Jaehn,51,2018-02-16,0.722,0.117,109.992,0.0377,0.077,4.54e-06,0.809,179565,-4.953,0.538,1,7
15,2,5YEjVJDZUPPybUvNWWfDM0,Chillax Dance Mix,5YEjVJDZUPPybUvNWWfDM0,0m6M0TRGs7dOqZAryYcwiH,Hot2Touch,Felix Jaehn,62,2018-02-16,0.718,0.155,121.993,0.0404,0.000754,3.23e-05,0.751,160826,-5.289,0.854,0,1
16,2,5YEjVJDZUPPybUvNWWfDM0,Chillax Dance Mix,5YEjVJDZUPPybUvNWWfDM0,5riZ2wSbbVmLIj2xGcMOiD,Cheerleader - Felix Jaehn Remix / Radio Edit,OMI,14,2018-02-16,0.634,0.107,117.986,0.0328,0.16,9.81e-05,0.798,182160,-6.17,0.533,1,4
17,2,5YEjVJDZUPPybUvNWWfDM0,Chillax Dance Mix,5YEjVJDZUPPybUvNWWfDM0,7uM7YZwNZqdDMG0NfGhmux,"Jennie (feat. R. City, Bori)",Felix Jaehn,62,2018-02-16,0.798,0.0808,118.071,0.183,0.0856,0,0.799,184231,-5.407,0.594,1,11
18,2,5YEjVJDZUPPybUvNWWfDM0,Chillax Dance Mix,5YEjVJDZUPPybUvNWWfDM0,3c8iiZGfEammKJuWTErE5x,Ain't Nobody (Loves Me Better) (feat. Jasmine Thompson),Felix Jaehn,74,2018-02-16,0.566,0.0698,117.971,0.0311,0.672,0.000197,0.778,186147,-6.959,0.479,0,2
19,2,5YEjVJDZUPPybUvNWWfDM0,Chillax Dance Mix,5YEjVJDZUPPybUvNWWfDM0,2fCCoGXcA2j9fFhvfRqfVQ,Masterpiece,OMI,46,2018-08-17,0.623,0.0559,113.046,0.066,0.461,6.73e-05,0.854,180875,-5.39,0.822,1,2
20,2,5YEjVJDZUPPybUvNWWfDM0,Chillax Dance Mix,5YEjVJDZUPPybUvNWWfDM0,2fCCoGXcA2j9fFhvfRqfVQ,Masterpiece,OMI,46,2018-08-17,0.623,0.0559,113.046,0.066,0.461,6.73e-05,0.854,180875,-5.39,0.822,1,2
21,2,5YEjVJDZUPPybUvNWWfDM0,Chillax Dance Mix,5YEjVJDZUPPybUvNWWfDM0,7FjZU7XFs7P9jHI9Z0yRhK,So Close,NOTD,74,2018-11-02,0.872,0.103,125.03,0.0666,0.121,7.08e-06,0.7,190302,-5.896,0.761,1,10
22,2,5YEjVJDZUPPybUvNWWfDM0,Chillax Dance Mix,5YEjVJDZUPPybUvNWWfDM0,73WJ6rYbtFi0Z2T4hPS1iN,Drink About,Seeb,56,2018-04-20,0.745,0.257,99.995,0.0649,0.147,0,0.629,182265,-2.936,0.496,1,6
23,2,5YEjVJDZUPPybUvNWWfDM0,Chillax Dance Mix,5YEjVJDZUPPybUvNWWfDM0,2r9hCNjupNy2C2g3r6SNz6,Strongest (Alan Walker Remix),Ina Wroldsen,67,2017-12-01,0.787,0.124,92.022,0.0734,0.0785,6.46e-06,0.722,210286,-4.013,0.852,1,0
24,2,5YEjVJDZUPPybUvNWWfDM0,Chillax Dance Mix,5YEjVJDZUPPybUvNWWfDM0,1ZLrDPgR7mvuTco3rQK8Pk,Way Back Home (feat. Conor Maynard) - Sam Feldt Edit,SHAUN,75,2018-12-21,0.747,0.219,105.943,0.0323,0.269,0,0.737,192453,-4.818,0.447,1,10
25,2,5YEjVJDZUPPybUvNWWfDM0,Chillax Dance Mix,5YEjVJDZUPPybUvNWWfDM0,4qu63nuBpdn0qHUHuObEj1,Leave Before You Love Me (with Jonas Brothers),Marshmello,71,2021-05-21,0.738,0.118,119.976,0.0403,0.00226,4.41e-06,0.721,154983,-4.77,0.637,1,7
26,2,5YEjVJDZUPPybUvNWWfDM0,Chillax Dance Mix,5YEjVJDZUPPybUvNWWfDM0,3DGar7krWlmrXRFHBcQF6z,Whenever (feat. Conor Maynard),Kris Kross Amsterdam,67,2018-06-22,0.765,0.231,109.989,0.0621,0.151,0,0.734,163636,-5.562,0.518,1,7
27,3,7FqVEI3HegBXSbEiUmk1ug,Motivation Mix,7FqVEI3HegBXSbEiUmk1ug,4QNpBfC0zvjKqPJcyqBy9W,"Give Me Everything (feat. Ne-Yo, Afrojack & Nayer)",Pitbull,81,2011-06-17,0.939,0.298,129.024,0.161,0.191,0,0.671,252307,-3.206,0.53,1,8
28,3,7FqVEI3HegBXSbEiUmk1ug,Motivation Mix,7FqVEI3HegBXSbEiUmk1ug,2bJvI42r8EF3wxjOuDav4r,Time of Our Lives,Pitbull,81,2014-11-21,0.802,0.694,124.022,0.0583,0.0921,0,0.721,229360,-5.797,0.724,1,1
29,3,7FqVEI3HegBXSbEiUmk1ug,Motivation Mix,7FqVEI3HegBXSbEiUmk1ug,0Hf4aIJpsN4Os2f0y0VqWl,Feel This Moment (feat. Christina Aguilera),Pitbull,77,2012,0.758,0.341,135.956,0.158,0.039,0,0.673,229507,-3.632,0.542,1,7
30,3,7FqVEI3HegBXSbEiUmk1ug,Motivation Mix,7FqVEI3HegBXSbEiUmk1ug,0Hf4aIJpsN4Os2f0y0VqWl,Feel This Moment (feat. Christina Aguilera),Pitbull,77,2012,0.758,0.341,135.956,0.158,0.039,0,0.673,229507,-3.632,0.542,1,7
31,3,7FqVEI3HegBXSbEiUmk1ug,Motivation Mix,7FqVEI3HegBXSbEiUmk1ug,6KigD0mlF4VGDYiSEzAyYw,Fight Back,NEFFEX,76,2018-11-30,0.946,0.0825,139.943,0.261,0.094,6.63e-05,0.716,200571,-3.412,0.587,1,1
32,3,7FqVEI3HegBXSbEiUmk1ug,Motivation Mix,7FqVEI3HegBXSbEiUmk1ug,40YcuQysJ0KlGQTeGUosTC,"Me, Myself & I",G-Eazy,76,2015-12-04,0.674,0.158,111.995,0.0959,0.0184,0,0.756,251467,-6.518,0.389,0,0
33,3,7FqVEI3HegBXSbEiUmk1ug,Motivation Mix,7FqVEI3HegBXSbEiUmk1ug,0Oa9mHOnH14GZ4toWwkf4c,Good Life (with G-Eazy & Kehlani),G-Eazy,65,2017-03-17,0.778,0.0563,168.073,0.233,0.00638,0,0.572,225520,-5.208,0.54,1,1
34,3,7FqVEI3HegBXSbEiUmk1ug,Motivation Mix,7FqVEI3HegBXSbEiUmk1ug,4NctFqJyGAqurHFEUQvWgR,Stronger (feat. Kesha),Sam Feldt,71,2021-01-29,0.672,0.097,104.987,0.0436,0.36,0,0.648,173714,-7.902,0.435,1,1
35,3,7FqVEI3HegBXSbEiUmk1ug,Motivation Mix,7FqVEI3HegBXSbEiUmk1ug,01TuObJVd7owWchVRuQbQw,#thatPOWER,will.i.am,69,2013-01-01,0.608,0.0748,127.999,0.0584,0.00112,7.66e-05,0.797,279507,-6.096,0.402,0,6
36,3,7FqVEI3HegBXSbEiUmk1ug,Motivation Mix,7FqVEI3HegBXSbEiUmk1ug,01TuObJVd7owWchVRuQbQw,#thatPOWER,will.i.am,69,2013-01-01,0.608,0.0748,127.999,0.0584,0.00112,7.66e-05,0.797,279507,-6.096,0.402,0,6
37,4,6qR0XDmEhqKZcRJjmiIyj9,Adventure,6qR0XDmEhqKZcRJjmiIyj9,2bCBowfjQbsT6jXEqpGqDx,"Geronimo - From ""Alvin And The Chipmunks: The Road Chip"" Soundtrack",Sheppard,35,2015-12-11,0.763,0.138,142.037,0.0818,0.378,0.002,0.704,217653,-6.343,0.468,1,7
38,4,6qR0XDmEhqKZcRJjmiIyj9,Adventure,6qR0XDmEhqKZcRJjmiIyj9,0ct6r3EGTcMLPtrXHDvVjc,The Nights,Avicii,85,2014-01-01,0.835,0.249,125.983,0.0433,0.0166,0,0.527,176658,-5.298,0.654,1,6
39,4,6qR0XDmEhqKZcRJjmiIyj9,Adventure,6qR0XDmEhqKZcRJjmiIyj9,2qHiyBpxyOXnRGG3t2iE96,"Gone, Gone, Gone",Phillip Phillips,62,2012-01-01,0.642,0.114,118.002,0.038,0.129,0,0.664,209693,-5.961,0.501,1,6
40,4,6qR0XDmEhqKZcRJjmiIyj9,Adventure,6qR0XDmEhqKZcRJjmiIyj9,3IQF4xCQUPicbA4hWfTxPo,I Lived,OneRepublic,71,2013-01-01,0.851,0.271,119.987,0.0446,0.0683,0,0.593,234547,-5.456,0.344,1,9
41,4,6qR0XDmEhqKZcRJjmiIyj9,Adventure,6qR0XDmEhqKZcRJjmiIyj9,1obisQNOcikRvTdStbW3pG,Go Big Or Go Home,American Authors,61,2016-07-01,0.875,0.0897,122.008,0.0426,0.00939,0,0.665,169027,-4.272,0.66,1,1
42,5,19YqmgM468eiTadkqMQeEU,HIIT,19YqmgM468eiTadkqMQeEU,4DnKcKgI62poB2usPeVdkf,Sleep Deprived,Lvly,36,2019-01-11,0.937,0.13,128.043,0.0707,0.00392,0.000329,0.746,198529,-4.16,0.472,0,11
43,5,19YqmgM468eiTadkqMQeEU,HIIT,19YqmgM468eiTadkqMQeEU,4DnKcKgI62poB2usPeVdkf,Sleep Deprived,Lvly,36,2019-01-11,0.937,0.13,128.043,0.0707,0.00392,0.000329,0.746,198529,-4.16,0.472,0,11
44,5,19YqmgM468eiTadkqMQeEU,HIIT,19YqmgM468eiTadkqMQeEU,2UcK3xgGDxPSyKzKqyPv0s,Girl in the Mirror,Bebe Rexha,65,2019-04-26,0.69,0.296,106.966,0.0352,0.0615,0,0.748,158066,-3.053,0.513,1,2
45,5,19YqmgM468eiTadkqMQeEU,HIIT,19YqmgM468eiTadkqMQeEU,2UcK3xgGDxPSyKzKqyPv0s,Girl in the Mirror,Bebe Rexha,65,2019-04-26,0.69,0.296,106.966,0.0352,0.0615,0,0.748,158066,-3.053,0.513,1,2
46,5,19YqmgM468eiTadkqMQeEU,HIIT,19YqmgM468eiTadkqMQeEU,2UcK3xgGDxPSyKzKqyPv0s,Girl in the Mirror,Bebe Rexha,65,2019-04-26,0.69,0.296,106.966,0.0352,0.0615,0,0.748,158066,-3.053,0.513,1,2
47,5,19YqmgM468eiTadkqMQeEU,HIIT,19YqmgM468eiTadkqMQeEU,3EO4XZNWf9CuOqYLsm32OJ,Bruised Not Broken (feat. MNEK & Kiana Ledé),Matoma,11,2019-08-02,0.573,0.324,110.006,0.0484,0.109,0,0.764,160909,-4.385,0.685,1,6
48,5,19YqmgM468eiTadkqMQeEU,HIIT,19YqmgM468eiTadkqMQeEU,3EO4XZNWf9CuOqYLsm32OJ,Bruised Not Broken (feat. MNEK & Kiana Ledé),Matoma,11,2019-08-02,0.573,0.324,110.006,0.0484,0.109,0,0.764,160909,-4.385,0.685,1,6
49,5,19YqmgM468eiTadkqMQeEU,HIIT,19YqmgM468eiTadkqMQeEU,6Tdy6tOHVEyBmlObZpGJJc,Beside You (feat. Georgia Ku),Matoma,59,2020-05-07,0.794,0.0664,123.02,0.0945,0.0801,0,0.634,176640,-6.363,0.67,1,6
50,5,19YqmgM468eiTadkqMQeEU,HIIT,19YqmgM468eiTadkqMQeEU,6Tdy6tOHVEyBmlObZpGJJc,Beside You (feat. Georgia Ku),Matoma,59,2020-05-07,0.794,0.0664,123.02,0.0945,0.0801,0,0.634,176640,-6.363,0.67,1,6
51,5,19YqmgM468eiTadkqMQeEU,HIIT,19YqmgM468eiTadkqMQeEU,0NFzM7qIEu1LI4pHgP2hNy,Coming To Get You,Lvly,42,2019-01-11,0.786,0.114,99.982,0.0466,0.175,0,0.657,205225,-4.924,0.569,0,11
52,5,19YqmgM468eiTadkqMQeEU,HIIT,19YqmgM468eiTadkqMQeEU,1oIdcFtf58sZbS7QyZQJ2P,Run Free,Deep Chills,63,2017-08-18,0.69,0.414,100.002,0.0345,0.202,3.27e-06,0.727,170562,-4.559,0.699,1,7
53,5,19YqmgM468eiTadkqMQeEU,HIIT,19YqmgM468eiTadkqMQeEU,09IStsImFySgyp0pIQdqAc,The Middle,Zedd,82,2018-01-23,0.657,0.112,107.01,0.0449,0.171,0,0.753,184732,-3.061,0.437,1,7
54,5,19YqmgM468eiTadkqMQeEU,HIIT,19YqmgM468eiTadkqMQeEU,09IStsImFySgyp0pIQdqAc,The Middle,Zedd,82,2018-01-23,0.657,0.112,107.01,0.0449,0.171,0,0.753,184732,-3.061,0.437,1,7
55,5,19YqmgM468eiTadkqMQeEU,HIIT,19YqmgM468eiTadkqMQeEU,09IStsImFySgyp0pIQdqAc,The Middle,Zedd,82,2018-01-23,0.657,0.112,107.01,0.0449,0.171,0,0.753,184732,-3.061,0.437,1,7
56,5,19YqmgM468eiTadkqMQeEU,HIIT,19YqmgM468eiTadkqMQeEU,6llBOJ6HLHvlVnKeZqhXk8,Rumors,Jake Miller,58,2015-07-08,0.712,0.106,120.022,0.0465,0.134,0,0.883,186103,-4.769,0.825,0,1
57,5,19YqmgM468eiTadkqMQeEU,HIIT,19YqmgM468eiTadkqMQeEU,6llBOJ6HLHvlVnKeZqhXk8,Rumors,Jake Miller,58,2015-07-08,0.712,0.106,120.022,0.0465,0.134,0,0.883,186103,-4.769,0.825,0,1
58,5,19YqmgM468eiTadkqMQeEU,HIIT,19YqmgM468eiTadkqMQeEU,2vIkEXi009Hxc1K3oMsLqR,Bodytalk (STFU),Blasterjaxx,58,2020-12-18,0.808,0.22,140.055,0.0579,0.00307,0.0624,0.773,145821,-6.444,0.418,1,0
59,5,19YqmgM468eiTadkqMQeEU,HIIT,19YqmgM468eiTadkqMQeEU,2vIkEXi009Hxc1K3oMsLqR,Bodytalk (STFU),Blasterjaxx,58,2020-12-18,0.808,0.22,140.055,0.0579,0.00307,0.0624,0.773,145821,-6.444,0.418,1,0
60,5,19YqmgM468eiTadkqMQeEU,HIIT,19YqmgM468eiTadkqMQeEU,0FJw1Pg9xXCxbcyQMI6GAe,My Way (Steve Aoki & Aloe Blacc),Steve Aoki,65,2020-12-23,0.82,0.134,169.895,0.0774,0.11,0,0.585,197647,-4.428,0.396,1,10
61,5,19YqmgM468eiTadkqMQeEU,HIIT,19YqmgM468eiTadkqMQeEU,03As1KdZnUfricQT09te8C,Gizmo,Syn Cole,54,2019-08-09,0.793,0.106,124.039,0.0336,0.23,0.237,0.788,191613,-3.568,0.752,1,7
62,5,19YqmgM468eiTadkqMQeEU,HIIT,19YqmgM468eiTadkqMQeEU,7zx1i0jGcFwMBurajgKlO7,Black Magic,Jonasu,64,2020-12-18,0.634,0.276,124.074,0.163,0.0564,0,0.812,174194,-4.96,0.463,1,8
63,5,19YqmgM468eiTadkqMQeEU,HIIT,19YqmgM468eiTadkqMQeEU,7zx1i0jGcFwMBurajgKlO7,Black Magic,Jonasu,64,2020-12-18,0.634,0.276,124.074,0.163,0.0564,0,0.812,174194,-4.96,0.463,1,8
64,5,19YqmgM468eiTadkqMQeEU,HIIT,19YqmgM468eiTadkqMQeEU,3HTySujYyWa1nZdfiZVZs0,I Luv U (with R3HAB),Sofia Carson,58,2020-03-20,0.558,0.116,96.072,0.0641,0.0532,2.14e-05,0.875,150938,-6.164,0.44,1,1
65,5,19YqmgM468eiTadkqMQeEU,HIIT,19YqmgM468eiTadkqMQeEU,3HTySujYyWa1nZdfiZVZs0,I Luv U (with R3HAB),Sofia Carson,58,2020-03-20,0.558,0.116,96.072,0.0641,0.0532,2.14e-05,0.875,150938,-6.164,0.44,1,1
66,5,19YqmgM468eiTadkqMQeEU,HIIT,19YqmgM468eiTadkqMQeEU,3HTySujYyWa1nZdfiZVZs0,I Luv U (with R3HAB),Sofia Carson,58,2020-03-20,0.558,0.116,96.072,0.0641,0.0532,2.14e-05,0.875,150938,-6.164,0.44,1,1
67,5,19YqmgM468eiTadkqMQeEU,HIIT,19YqmgM468eiTadkqMQeEU,4ZVSSE2JUJwsyTukDwjoT6,Sign,DEAMN,26,2018-02-13,0.903,0.217,108.914,0.0282,0.0247,0.00167,0.705,191560,-4.016,0.472,1,3
68,5,19YqmgM468eiTadkqMQeEU,HIIT,19YqmgM468eiTadkqMQeEU,4ZVSSE2JUJwsyTukDwjoT6,Sign,DEAMN,26,2018-02-13,0.903,0.217,108.914,0.0282,0.0247,0.00167,0.705,191560,-4.016,0.472,1,3
69,5,19YqmgM468eiTadkqMQeEU,HIIT,19YqmgM468eiTadkqMQeEU,4j1fFJvUcQxMrLEMBHV9NQ,So Sick (feat. blackbear) [Martin Jensen Remix],Kiiara,60,2020-11-13,0.491,0.0689,121.984,0.0821,0.121,9.69e-06,0.803,165492,-7.196,0.589,1,6
70,5,19YqmgM468eiTadkqMQeEU,HIIT,19YqmgM468eiTadkqMQeEU,4j1fFJvUcQxMrLEMBHV9NQ,So Sick (feat. blackbear) [Martin Jensen Remix],Kiiara,60,2020-11-13,0.491,0.0689,121.984,0.0821,0.121,9.69e-06,0.803,165492,-7.196,0.589,1,6
71,5,19YqmgM468eiTadkqMQeEU,HIIT,19YqmgM468eiTadkqMQeEU,4mxNQAc4gSzfHRhntP1b5E,Drive My Car,DEAMN,45,2018-02-13,0.834,0.253,104.97,0.0262,0.0998,0,0.668,196571,-3.694,0.56,1,5
72,5,19YqmgM468eiTadkqMQeEU,HIIT,19YqmgM468eiTadkqMQeEU,4o7zeDjEoPALOH9ZN483Oj,I'm Going Like,Hallman,56,2019-01-04,0.803,0.16,125.986,0.0368,0.0207,0.803,0.659,185681,-6.945,0.336,1,4
73,5,19YqmgM468eiTadkqMQeEU,HIIT,19YqmgM468eiTadkqMQeEU,4o7zeDjEoPALOH9ZN483Oj,I'm Going Like,Hallman,56,2019-01-04,0.803,0.16,125.986,0.0368,0.0207,0.803,0.659,185681,-6.945,0.336,1,4
74,5,19YqmgM468eiTadkqMQeEU,HIIT,19YqmgM468eiTadkqMQeEU,4o7zeDjEoPALOH9ZN483Oj,I'm Going Like,Hallman,56,2019-01-04,0.803,0.16,125.986,0.0368,0.0207,0.803,0.659,185681,-6.945,0.336,1,4
75,6,1MRTKMPBOK8wTd5Q3a8c3e,Hip-hop/Rap,1MRTKMPBOK8wTd5Q3a8c3e,49NWFeDYeNBx55vxxmwCQe,45 Man - Bonus Track,Rak-Su,14,2017-04-03,0.883,0.0818,140.058,0.276,0.0223,0,0.664,206530,-5.671,0.695,1,1
76,6,1MRTKMPBOK8wTd5Q3a8c3e,Hip-hop/Rap,1MRTKMPBOK8wTd5Q3a8c3e,38JE3O2HocFNvtljgtlNKv,Antidote - Radio Edit,Swedish House Mafia,54,2011-12-16,0.859,0.135,128.03,0.111,0.00645,0.0282,0.648,177250,-4.974,0.633,1,7
77,6,1MRTKMPBOK8wTd5Q3a8c3e,Hip-hop/Rap,1MRTKMPBOK8wTd5Q3a8c3e,5tC8ycFXQvYppqL8bzN0LU,You're Ma Cherie - DJ Antoine vs Mad Mark 2K13 Radio Edit,DJ Antoine,52,2013-01-25,0.675,0.424,127.931,0.287,0.0421,1.49e-05,0.754,191550,-4.728,0.832,0,5
78,6,1MRTKMPBOK8wTd5Q3a8c3e,Hip-hop/Rap,1MRTKMPBOK8wTd5Q3a8c3e,62zFEHfAYl5kdHYOivj4BC,International Love (feat. Chris Brown),Pitbull,75,2011-06-17,0.855,0.335,120.05,0.0499,0.0124,0,0.67,227280,-3.035,0.648,0,0
79,6,1MRTKMPBOK8wTd5Q3a8c3e,Hip-hop/Rap,1MRTKMPBOK8wTd5Q3a8c3e,0Hf4aIJpsN4Os2f0y0VqWl,Feel This Moment (feat. Christina Aguilera),Pitbull,77,2012,0.758,0.341,135.956,0.158,0.039,0,0.673,229507,-3.632,0.542,1,7
80,6,1MRTKMPBOK8wTd5Q3a8c3e,Hip-hop/Rap,1MRTKMPBOK8wTd5Q3a8c3e,0Hf4aIJpsN4Os2f0y0VqWl,Feel This Moment (feat. Christina Aguilera),Pitbull,77,2012,0.758,0.341,135.956,0.158,0.039,0,0.673,229507,-3.632,0.542,1,7
81,6,1MRTKMPBOK8wTd5Q3a8c3e,Hip-hop/Rap,1MRTKMPBOK8wTd5Q3a8c3e,5MLQWQRbUmx388EMW04YQY,Feelin' Myself,will.i.am,43,2013-01-01,0.533,0.138,96.453,0.156,0.0293,0,0.859,253547,-8.59,0.514,0,6
82,7,5XplGgQBmRqV3yofTz46HA,Jason derulo,5XplGgQBmRqV3yofTz46HA,6kex4EBAj0WHXDKZMEJaaF,Swalla (feat. Nicki Minaj & Ty Dolla $ign),Jason Derulo,76,2017-02-23,0.817,0.187,98.064,0.109,0.075,0,0.696,216409,-3.862,0.782,1,1
83,7,5XplGgQBmRqV3yofTz46HA,Jason derulo,5XplGgQBmRqV3yofTz46HA,4fINc8dnfcz7AdhFYVA4i7,It Girl,Jason Derulo,72,2011-09-16,0.718,0.104,91.993,0.0605,0.0165,0,0.668,192200,-4.736,0.345,0,1
84,7,5XplGgQBmRqV3yofTz46HA,Jason derulo,5XplGgQBmRqV3yofTz46HA,2z4pcBLQXF2BXKFvd0BuB6,Tip Toe (feat. French Montana),Jason Derulo,67,2017-11-10,0.709,0.094,98.062,0.0714,0.0233,0,0.845,187521,-4.547,0.62,0,10
85,7,5XplGgQBmRqV3yofTz46HA,Jason derulo,5XplGgQBmRqV3yofTz46HA,6zKrj4SomgfbvsfuTAuElE,Want to Want Me,Jason Derulo,42,2015-06-01,0.68,0.109,114.025,0.0629,0.00906,0,0.775,207719,-5.508,0.656,0,0
86,7,5XplGgQBmRqV3yofTz46HA,Jason derulo,5XplGgQBmRqV3yofTz46HA,5l3CML2OnzfNs5RfVgbcLt,Talk Dirty (feat. 2 Chainz),Jason Derulo,71,2013-09-10,0.652,0.307,100.315,0.232,0.0348,0,0.76,177685,-7.321,0.759,1,6
87,7,5XplGgQBmRqV3yofTz46HA,Jason derulo,5XplGgQBmRqV3yofTz46HA,5Xn4IyTtW6FUGIUyWjbUHG,Goodbye (feat. Nicki Minaj & Willy William),Jason Derulo,65,2018-08-24,0.904,0.189,103.028,0.0739,0.0776,0,0.643,195419,-3.694,0.481,1,0
88,7,5XplGgQBmRqV3yofTz46HA,Jason derulo,5XplGgQBmRqV3yofTz46HA,7yPcAO4F6ozQi6lTi3n3Ai,Talk with Your Body,Jason Derulo,39,2019-11-08,0.76,0.267,102.989,0.124,0.112,0,0.793,188750,-3.704,0.819,0,0
89,7,5XplGgQBmRqV3yofTz46HA,Jason derulo,5XplGgQBmRqV3yofTz46HA,5YHR8wBR5jXfGtP766NiAT,If It Ain't Love,Jason Derulo,60,2016-04-01,0.843,0.344,128.63,0.316,0.0487,0,0.503,203105,-4.991,0.778,0,10
90,7,5XplGgQBmRqV3yofTz46HA,Jason derulo,5XplGgQBmRqV3yofTz46HA,7iwhbx1YQcQ675DTj6AmAb,Mamacita (feat. Farruko),Jason Derulo,59,2019-07-05,0.787,0.0917,191.772,0.34,0.303,0,0.593,204064,-3.67,0.495,1,11
91,7,5XplGgQBmRqV3yofTz46HA,Jason derulo,5XplGgQBmRqV3yofTz46HA,6jizk5lOUnfpaZXYMdfeC6,Trumpets,Jason Derulo,68,2013-09-10,0.703,0.0962,81.897,0.236,0.563,0,0.627,217307,-4.884,0.64,1,0
92,7,5XplGgQBmRqV3yofTz46HA,Jason derulo,5XplGgQBmRqV3yofTz46HA,1EujTZPE2yBYbbwu2vWXvr,Bubblegum (feat. Tyga),Jason Derulo,49,2013-09-10,0.633,0.112,109.011,0.34,0.0718,0,0.856,205972,-6.429,0.77,0,11
93,7,5XplGgQBmRqV3yofTz46HA,Jason derulo,5XplGgQBmRqV3yofTz46HA,2SHsNfrHj4iDOVJuDwclPd,Let’s SHUT UP & DANCE,LAY,44,2019-02-22,0.893,0.0331,110.051,0.209,0.042,0.000271,0.765,208261,-2.891,0.715,0,6
94,7,5XplGgQBmRqV3yofTz46HA,Jason derulo,5XplGgQBmRqV3yofTz46HA,29QrzCnJ8r5aPamLBADZLx,Too Hot,Jason Derulo,56,2019-08-27,0.856,0.201,95.026,0.0722,0.0678,0,0.751,158053,-3.225,0.836,1,7
95,7,5XplGgQBmRqV3yofTz46HA,Jason derulo,5XplGgQBmRqV3yofTz46HA,1xQ6trAsedVPCdbtDAmk0c,Savage Love (Laxed - Siren Beat),Jawsh 685,85,2020-06-11,0.481,0.269,150.076,0.0803,0.234,0,0.767,171375,-8.52,0.761,0,0
96,7,5XplGgQBmRqV3yofTz46HA,Jason derulo,5XplGgQBmRqV3yofTz46HA,5DV4ZSCqbFv74ui3ZhimXo,Coño,Jason Derulo,72,2020-07-03,0.528,0.105,100.037,0.181,0.000554,0.0101,0.899,111852,-5.442,0.456,1,9
97,7,5XplGgQBmRqV3yofTz46HA,Jason derulo,5XplGgQBmRqV3yofTz46HA,59qrUpoplZxbIZxk6X0Bm3,Take You Dancing,Jason Derulo,85,2020-07-22,0.711,0.0876,112.985,0.041,0.0332,0,0.789,190306,-4.248,0.753,1,2
98,7,5XplGgQBmRqV3yofTz46HA,Jason derulo,5XplGgQBmRqV3yofTz46HA,2tUQhON1H3N4f6fwASEuyB,Don't Cry For Me (with Jason Derulo) - Acoustic,Alok,42,2020-08-07,0.441,0.168,104.031,0.0294,0.159,0,0.677,158000,-7.477,0.402,0,1
99,7,5XplGgQBmRqV3yofTz46HA,Jason derulo,5XplGgQBmRqV3yofTz46HA,4chrflBZTqRjZhOTp7zaXx,Don't Cry For Me (with Jason Derulo),Alok,43,2020-08-07,0.587,0.102,104.046,0.0466,0.105,0,0.69,155769,-6.53,0.278,0,1
100,7,5XplGgQBmRqV3yofTz46HA,Jason derulo,5XplGgQBmRqV3yofTz46HA,6eUncuJutsFi9BGO1JaBHh,If I'm Lucky,Jason Derulo,58,2017-08-31,0.634,0.0686,112.048,0.161,0.00413,0,0.897,212014,-6.264,0.506,0,4
101,7,5XplGgQBmRqV3yofTz46HA,Jason derulo,5XplGgQBmRqV3yofTz46HA,4Lt6GXGzYsa1tgkv3nGSTm,Love Not War (The Tampa Beat),Jason Derulo,83,2020-11-20,0.85,0.23,98.013,0.0642,0.105,0,0.738,192921,-3.049,0.865,1,8
102,8,4maOSsMfCcqM9tLk4lZWUP,Cringe,4maOSsMfCcqM9tLk4lZWUP,5j5dRrqFsVK47Ani6KfTFA,The Reason Why,JP Cooper,47,2019-10-24,0.73,0.13,188.996,0.344,0.116,0,0.38,186081,-4.581,0.467,1,10
103,8,4maOSsMfCcqM9tLk4lZWUP,Cringe,4maOSsMfCcqM9tLk4lZWUP,0oukMLKedsqQ3ltnI2daRO,Haaye Oye (feat. Ash King),QARAN,59,2019-03-22,0.727,0.153,123.959,0.0383,0.173,0,0.633,200029,-4.104,0.543,0,11
104,8,4maOSsMfCcqM9tLk4lZWUP,Cringe,4maOSsMfCcqM9tLk4lZWUP,0wsXdby1T3PWLauIkGUZzg,Hula Hoop,OMI,63,2015-10-16,0.842,0.294,121.986,0.039,0.0248,0,0.673,205474,-4.666,0.509,1,1
105,8,4maOSsMfCcqM9tLk4lZWUP,Cringe,4maOSsMfCcqM9tLk4lZWUP,2fCCoGXcA2j9fFhvfRqfVQ,Masterpiece,OMI,46,2018-08-17,0.623,0.0559,113.046,0.066,0.461,6.73e-05,0.854,180875,-5.39,0.822,1,2
106,8,4maOSsMfCcqM9tLk4lZWUP,Cringe,4maOSsMfCcqM9tLk4lZWUP,2fCCoGXcA2j9fFhvfRqfVQ,Masterpiece,OMI,46,2018-08-17,0.623,0.0559,113.046,0.066,0.461,6.73e-05,0.854,180875,-5.39,0.822,1,2
107,8,4maOSsMfCcqM9tLk4lZWUP,Cringe,4maOSsMfCcqM9tLk4lZWUP,6ayTAnEwP3Yo4DOjLsN5r2,Hola (feat. Maluma),Flo Rida,56,2017-11-17,0.711,0.11,113.026,0.0769,0.0207,3.04e-05,0.757,192377,-5.693,0.649,1,8
108,8,4maOSsMfCcqM9tLk4lZWUP,Cringe,4maOSsMfCcqM9tLk4lZWUP,3NLnwwAQbbFKcEcV8hDItk,Perfect,One Direction,76,2015-11-13,0.823,0.119,99.933,0.0762,0.0598,0,0.647,230333,-5.231,0.396,1,2
109,8,4maOSsMfCcqM9tLk4lZWUP,Cringe,4maOSsMfCcqM9tLk4lZWUP,7k6tAZp4m93oswrPqSfBbc,On Me (feat. Ava Max),Thomas Rhett,73,2020-05-15,0.721,0.216,177.918,0.0472,0.0119,0,0.548,164683,-4.466,0.594,1,8
110,8,4maOSsMfCcqM9tLk4lZWUP,Cringe,4maOSsMfCcqM9tLk4lZWUP,7k6tAZp4m93oswrPqSfBbc,On Me (feat. Ava Max),Thomas Rhett,73,2020-05-15,0.721,0.216,177.918,0.0472,0.0119,0,0.548,164683,-4.466,0.594,1,8
111,8,4maOSsMfCcqM9tLk4lZWUP,Cringe,4maOSsMfCcqM9tLk4lZWUP,30MM5jWpUmOxtTNd9Ey5LZ,Unforgettable,Thomas Rhett,70,2017-09-08,0.75,0.0849,130.077,0.0314,0.0303,0.000132,0.661,157080,-5.497,0.828,1,7
112,8,4maOSsMfCcqM9tLk4lZWUP,Cringe,4maOSsMfCcqM9tLk4lZWUP,6fQcqEcXfnY0L6VwS0c3gT,Cheerleader (Felix Jaehn Remix) - Radio Edit,OMI,62,2014-12-02,0.576,0.0656,118.04,0.0372,0.184,0.029,0.827,180021,-7.774,0.41,1,4
113,8,4maOSsMfCcqM9tLk4lZWUP,Cringe,4maOSsMfCcqM9tLk4lZWUP,6IuVmxZtP3h5wvErFpDcVR,Bedroom Floor,Liam Payne,59,2019-12-06,0.684,0.107,119.932,0.0687,0.342,6.37e-05,0.625,188234,-7.147,0.217,1,1
114,8,4maOSsMfCcqM9tLk4lZWUP,Cringe,4maOSsMfCcqM9tLk4lZWUP,4qjLvvBh5ZeKEPyShKRf06,Narcissist (feat. The 1975),No Rome,65,2018-08-28,0.682,0.085,179.969,0.113,0.218,1.53e-06,0.543,195502,-5.81,0.424,1,3
115,8,4maOSsMfCcqM9tLk4lZWUP,Cringe,4maOSsMfCcqM9tLk4lZWUP,6J6e0hfRgT1sh3MBEdzIzD,Left to Right,Marteen,50,2018-02-23,0.615,0.139,102.977,0.0379,0.0468,4.16e-06,0.829,190589,-3.78,0.841,0,5
116,8,4maOSsMfCcqM9tLk4lZWUP,Cringe,4maOSsMfCcqM9tLk4lZWUP,5H9H0i7UCmRDCZRHldbmhN,Sucker for You,Matt Terry,55,2017-10-13,0.649,0.332,95.034,0.0691,0.223,0,0.876,203680,-4.369,0.742,1,0
117,8,4maOSsMfCcqM9tLk4lZWUP,Cringe,4maOSsMfCcqM9tLk4lZWUP,5H9H0i7UCmRDCZRHldbmhN,Sucker for You,Matt Terry,55,2017-10-13,0.649,0.332,95.034,0.0691,0.223,0,0.876,203680,-4.369,0.742,1,0
118,8,4maOSsMfCcqM9tLk4lZWUP,Cringe,4maOSsMfCcqM9tLk4lZWUP,73yXwQg9RzpkoTr2vIvMIh,Rose Coloured Glasses,Lvly,20,2019-01-11,0.579,0.127,100.166,0.12,0.211,0,0.704,203000,-4.838,0.601,1,7
119,8,4maOSsMfCcqM9tLk4lZWUP,Cringe,4maOSsMfCcqM9tLk4lZWUP,6XnikZPkb059iYTuCjZt1X,Roller Coaster,OMI,46,2020-11-13,0.797,0.0975,115.012,0.0315,0.278,0,0.698,196302,-5.147,0.859,1,0
120,8,4maOSsMfCcqM9tLk4lZWUP,Cringe,4maOSsMfCcqM9tLk4lZWUP,2jGOQqWZKjy6A64kWIcdIs,"Like A Riddle (feat. Hearts & Colors, Adam Trigger)",Felix Jaehn,51,2018-02-16,0.722,0.117,109.992,0.0377,0.077,4.54e-06,0.809,179565,-4.953,0.538,1,7
121,8,4maOSsMfCcqM9tLk4lZWUP,Cringe,4maOSsMfCcqM9tLk4lZWUP,2jGOQqWZKjy6A64kWIcdIs,"Like A Riddle (feat. Hearts & Colors, Adam Trigger)",Felix Jaehn,51,2018-02-16,0.722,0.117,109.992,0.0377,0.077,4.54e-06,0.809,179565,-4.953,0.538,1,7
122,8,4maOSsMfCcqM9tLk4lZWUP,Cringe,4maOSsMfCcqM9tLk4lZWUP,2jGOQqWZKjy6A64kWIcdIs,"Like A Riddle (feat. Hearts & Colors, Adam Trigger)",Felix Jaehn,51,2018-02-16,0.722,0.117,109.992,0.0377,0.077,4.54e-06,0.809,179565,-4.953,0.538,1,7
123,8,4maOSsMfCcqM9tLk4lZWUP,Cringe,4maOSsMfCcqM9tLk4lZWUP,2jGOQqWZKjy6A64kWIcdIs,"Like A Riddle (feat. Hearts & Colors, Adam Trigger)",Felix Jaehn,51,2018-02-16,0.722,0.117,109.992,0.0377,0.077,4.54e-06,0.809,179565,-4.953,0.538,1,7
124,9,3I638qCcA1cQ3RPdHeQTyM,Halsey inducing palsey,3I638qCcA1cQ3RPdHeQTyM,5k38wzpLb15YgncyWdTZE4,Him & I (with Halsey),G-Eazy,76,2017-12-15,0.731,0.308,87.908,0.0868,0.0534,0,0.589,268867,-6.343,0.191,1,2
125,9,3I638qCcA1cQ3RPdHeQTyM,Halsey inducing palsey,3I638qCcA1cQ3RPdHeQTyM,1TnUURhehaoMWKAqQtirm6,Colors,Halsey,69,2015-08-28,0.812,0.092,100.02,0.0617,0.0534,0,0.512,249500,-4.809,0.521,1,1
126,9,3I638qCcA1cQ3RPdHeQTyM,Halsey inducing palsey,3I638qCcA1cQ3RPdHeQTyM,7y9iMe8SOB6z3NoHE2OfXl,Bad At Love,Halsey,74,2017-06-02,0.751,0.0893,118.384,0.0296,0.0604,0,0.675,181279,-3.539,0.612,1,0
127,9,3I638qCcA1cQ3RPdHeQTyM,Halsey inducing palsey,3I638qCcA1cQ3RPdHeQTyM,6s8PRmROPJHlqZmu9Bbviz,Roman Holiday,Halsey,55,2015-08-28,0.836,0.105,74.473,0.0395,0.0322,2.34e-05,0.431,201549,-4.428,0.75,1,5
128,9,3I638qCcA1cQ3RPdHeQTyM,Halsey inducing palsey,3I638qCcA1cQ3RPdHeQTyM,16w8ZGVSjI4TlTLV8VimBY,Castle,Halsey,68,2015-08-28,0.571,0.0946,129.959,0.0327,0.25,0,0.626,277623,-7.461,0.164,0,7
129,9,3I638qCcA1cQ3RPdHeQTyM,Halsey inducing palsey,3I638qCcA1cQ3RPdHeQTyM,5KawlOMHjWeUjQtnuRs22c,Boy With Luv (feat. Halsey),BTS,83,2019-04-12,0.862,0.192,119.991,0.0965,0.0923,0,0.645,229773,-4.757,0.798,0,11
130,9,3I638qCcA1cQ3RPdHeQTyM,Halsey inducing palsey,3I638qCcA1cQ3RPdHeQTyM,7i2DJ88J7jQ8K7zqFX2fW8,Now Or Never,Halsey,68,2017-06-02,0.585,0.131,110.03,0.0354,0.107,1.11e-06,0.67,214802,-4.861,0.447,0,6
131,9,3I638qCcA1cQ3RPdHeQTyM,Halsey inducing palsey,3I638qCcA1cQ3RPdHeQTyM,7BKLCZ1jbUBVqRi2FVlTVw,Closer,The Chainsmokers,85,2016-07-29,0.524,0.111,95.01,0.0338,0.414,0,0.748,244960,-5.599,0.661,1,8
132,9,3I638qCcA1cQ3RPdHeQTyM,Halsey inducing palsey,3I638qCcA1cQ3RPdHeQTyM,7BKLCZ1jbUBVqRi2FVlTVw,Closer,The Chainsmokers,85,2016-07-29,0.524,0.111,95.01,0.0338,0.414,0,0.748,244960,-5.599,0.661,1,8
133,9,3I638qCcA1cQ3RPdHeQTyM,Halsey inducing palsey,3I638qCcA1cQ3RPdHeQTyM,7BKLCZ1jbUBVqRi2FVlTVw,Closer,The Chainsmokers,85,2016-07-29,0.524,0.111,95.01,0.0338,0.414,0,0.748,244960,-5.599,0.661,1,8
134,9,3I638qCcA1cQ3RPdHeQTyM,Halsey inducing palsey,3I638qCcA1cQ3RPdHeQTyM,2IO7yf562c1zLzpanal1DT,Gasoline,Halsey,73,2015-08-28,0.58,0.129,119.997,0.0399,0.223,0,0.731,199593,-7.328,0.319,0,10
135,9,3I638qCcA1cQ3RPdHeQTyM,Halsey inducing palsey,3I638qCcA1cQ3RPdHeQTyM,7ozvM98YyrdyOBh1lItVHc,clementine,Halsey,55,2019-09-29,0.437,0.106,143.263,0.162,0.885,0,0.533,234411,-7.659,0.48,0,3
136,9,3I638qCcA1cQ3RPdHeQTyM,Halsey inducing palsey,3I638qCcA1cQ3RPdHeQTyM,0d2iYfpKoM0QCKvcLCkBao,Eastside (with Halsey & Khalid),benny blanco,78,2018-07-12,0.68,0.116,89.391,0.321,0.555,0,0.56,173800,-7.648,0.319,0,6
137,9,3I638qCcA1cQ3RPdHeQTyM,Halsey inducing palsey,3I638qCcA1cQ3RPdHeQTyM,6V9fHiv84WlVTg7CSnIVY2,Graveyard,Halsey,12,2019-09-13,0.583,0.181,92.043,0.0747,0.231,4.48e-05,0.667,181806,-5.127,0.187,0,11
138,9,3I638qCcA1cQ3RPdHeQTyM,Halsey inducing palsey,3I638qCcA1cQ3RPdHeQTyM,5p7ujcrUXASCNwRaWNHR1C,Without Me,Halsey,81,2018-10-04,0.488,0.0936,136.041,0.0705,0.297,9.11e-06,0.752,201661,-7.05,0.533,1,6
139,9,3I638qCcA1cQ3RPdHeQTyM,Halsey inducing palsey,3I638qCcA1cQ3RPdHeQTyM,5p7ujcrUXASCNwRaWNHR1C,Without Me,Halsey,81,2018-10-04,0.488,0.0936,136.041,0.0705,0.297,9.11e-06,0.752,201661,-7.05,0.533,1,6
140,9,3I638qCcA1cQ3RPdHeQTyM,Halsey inducing palsey,3I638qCcA1cQ3RPdHeQTyM,44n97yHySt0Z9rqPaXgjCK,Sorry,Halsey,76,2017-06-02,0.25,0.117,74.103,0.0367,0.913,0,0.513,220541,-9.376,0.351,0,5
141,9,3I638qCcA1cQ3RPdHeQTyM,Halsey inducing palsey,3I638qCcA1cQ3RPdHeQTyM,2usxQITOSDqvkYiI0oIwao,You should be sad,Halsey,0,2020-01-10,0.585,0.109,110.94,0.0277,0.143,0,0.591,205473,-6.35,0.324,1,2
142,10,6i8EYmssztVH8eVygwMBML,Yash ke gaane,6i8EYmssztVH8eVygwMBML,1emx944EiuTphS9qv5mslc,Tears In Heaven,Boyce Avenue,50,2015-04-28,0.0926,0.112,77.934,0.0307,0.921,0,0.748,280652,-11.531,0.327,1,8
143,10,6i8EYmssztVH8eVygwMBML,Yash ke gaane,6i8EYmssztVH8eVygwMBML,2jdAk8ATWIL3dwT47XpRfu,Slow Dancing in a Burning Room,John Mayer,74,2006-09-11,0.361,0.0805,134.018,0.0273,0.575,0.00506,0.667,242000,-8.69,0.29,0,1
144,10,6i8EYmssztVH8eVygwMBML,Yash ke gaane,6i8EYmssztVH8eVygwMBML,6CKoWCWAqEVWVjpeoJXyNH,Shape Of My Heart,Sting,72,1993-03-09,0.373,0.083,83.936,0.0331,0.691,0.000915,0.537,279227,-10.081,0.244,0,6
145,10,6i8EYmssztVH8eVygwMBML,Yash ke gaane,6i8EYmssztVH8eVygwMBML,1YYhDizHx7PnDhAhko6cDS,"Take Me Home, Country Roads",John Denver,70,1971,0.395,0.121,82.259,0.0264,0.758,0,0.462,190160,-9.376,0.625,1,9
146,10,6i8EYmssztVH8eVygwMBML,Yash ke gaane,6i8EYmssztVH8eVygwMBML,1g2tPIP5isX44SNeDeqLsz,On A Day Like Today,Bryan Adams,38,1998-01-01,0.555,0.366,82.041,0.0257,0.102,0,0.475,208733,-8.693,0.36,1,7
147,10,6i8EYmssztVH8eVygwMBML,Yash ke gaane,6i8EYmssztVH8eVygwMBML,1OQpTtcuAauAqp5Okxtbs2,Summer Of '69 - MTV Unplugged Version,Bryan Adams,58,1997-01-01,0.598,0.977,141.11,0.031,0.331,0,0.469,241760,-7.791,0.419,1,9
148,10,6i8EYmssztVH8eVygwMBML,Yash ke gaane,6i8EYmssztVH8eVygwMBML,6zeE5tKyr8Nu882DQhhSQI,Dust in the Wind,Kansas,77,1977,0.322,0.11,93.503,0.0283,0.367,0.00056,0.475,206267,-10.687,0.387,1,7
149,11,09Hn3imEa0xXpczlWVVTwW,Cyrus ne suggest kia,09Hn3imEa0xXpczlWVVTwW,7stcuQtnHL7C6XdPvpwywv,Vertigo,Khalid,61,2018-10-19,0.458,0.117,115.989,0.0371,0.552,0.0257,0.487,270413,-7.761,0.207,0,4
150,11,09Hn3imEa0xXpczlWVVTwW,Cyrus ne suggest kia,09Hn3imEa0xXpczlWVVTwW,2kAIpGWnlFLQh48iut6Zzq,Free Spirit,Khalid,73,2019-04-05,0.446,0.111,139.994,0.0332,0.308,0.00077,0.627,182080,-9.477,0.11,0,2
151,11,09Hn3imEa0xXpczlWVVTwW,Cyrus ne suggest kia,09Hn3imEa0xXpczlWVVTwW,1fHRzxbts9A8J1ergDe7Kz,Saturday Nights,Khalid,65,2019-04-05,0.37,0.0986,83.162,0.0841,0.634,9.4e-05,0.574,211627,-10.803,0.354,1,10
152,11,09Hn3imEa0xXpczlWVVTwW,Cyrus ne suggest kia,09Hn3imEa0xXpczlWVVTwW,6l1VsKiMyaUWElFrM1rsuu,Saansein,Prateek Kuhad,55,2018-07-13,0.518,0.138,128.041,0.0282,0.653,0.531,0.693,266042,-9.146,0.374,1,1
153,12,2nus3YihCjsxUOm72kX5Z3,Beats/EDM,2nus3YihCjsxUOm72kX5Z3,1BwlamEsFRvFgnXAZNJFQA,"Khalifa (From ""Lekar Hum Deewana Dil"")",A.R. Rahman,12,2014-06-03,0.886,0.108,120.016,0.0525,0.0212,2.16e-05,0.694,303598,-5.133,0.623,1,7
154,12,2nus3YihCjsxUOm72kX5Z3,Beats/EDM,2nus3YihCjsxUOm72kX5Z3,22WubMzx5mkCAHZHvInkpH,Lalla Lalla Lori,Vishal Dadlani,37,2015-04-29,0.895,0.104,124.95,0.0453,0.0947,0,0.638,257050,-3.255,0.729,0,8
155,12,2nus3YihCjsxUOm72kX5Z3,Beats/EDM,2nus3YihCjsxUOm72kX5Z3,02itaCXOdC54J0ISjqqFAp,All Around The World (La La La),R3HAB,77,2019-04-05,0.859,0.105,124.948,0.033,0.479,0.0645,0.733,147840,-5.03,0.52,0,9
156,12,2nus3YihCjsxUOm72kX5Z3,Beats/EDM,2nus3YihCjsxUOm72kX5Z3,6PkzXU8dlwtfrwyTlUyVnv,Show Me Love - EDX Remix / Radio Edit,Sam Feldt,67,2015-06-14,0.659,0.0704,121.022,0.0677,0.297,0.000811,0.832,180336,-5.831,0.712,1,0
157,12,2nus3YihCjsxUOm72kX5Z3,Beats/EDM,2nus3YihCjsxUOm72kX5Z3,6PkzXU8dlwtfrwyTlUyVnv,Show Me Love - EDX Remix / Radio Edit,Sam Feldt,67,2015-06-14,0.659,0.0704,121.022,0.0677,0.297,0.000811,0.832,180336,-5.831,0.712,1,0
158,12,2nus3YihCjsxUOm72kX5Z3,Beats/EDM,2nus3YihCjsxUOm72kX5Z3,4499ZyhJG8CSNakFvUlQcz,Give Me Your Hand (Best Song Ever),The Ready Set,0,2014-05-27,0.889,0.685,125.998,0.0462,0.0466,0,0.69,228093,-3.279,0.892,1,6
159,12,2nus3YihCjsxUOm72kX5Z3,Beats/EDM,2nus3YihCjsxUOm72kX5Z3,7shgdEooY9RdGuMM71SRax,You Don't Know Me,Kevin Silvester,8,2019-04-17,0.713,0.266,179.838,0.212,0.0319,0,0.421,239297,-5.476,0.319,1,11
160,12,2nus3YihCjsxUOm72kX5Z3,Beats/EDM,2nus3YihCjsxUOm72kX5Z3,7shgdEooY9RdGuMM71SRax,You Don't Know Me,Kevin Silvester,8,2019-04-17,0.713,0.266,179.838,0.212,0.0319,0,0.421,239297,-5.476,0.319,1,11
161,12,2nus3YihCjsxUOm72kX5Z3,Beats/EDM,2nus3YihCjsxUOm72kX5Z3,51m9UJSULSzzpiJ1pTitgS,On Your Mind,Kevin Silvester,0,2019-06-21,0.776,0.16,80.001,0.0583,0.0101,0,0.567,226055,-4.696,0.356,1,9
162,12,2nus3YihCjsxUOm72kX5Z3,Beats/EDM,2nus3YihCjsxUOm72kX5Z3,3dz63QjQVZy7RYPzx6l3JU,Your Side Of The Bed (feat. Eric Nam),Loote,46,2018-06-22,0.764,0.294,109.919,0.0312,0.144,0,0.754,196160,-3.95,0.929,1,8
163,12,2nus3YihCjsxUOm72kX5Z3,Beats/EDM,2nus3YihCjsxUOm72kX5Z3,3dz63QjQVZy7RYPzx6l3JU,Your Side Of The Bed (feat. Eric Nam),Loote,46,2018-06-22,0.764,0.294,109.919,0.0312,0.144,0,0.754,196160,-3.95,0.929,1,8
164,12,2nus3YihCjsxUOm72kX5Z3,Beats/EDM,2nus3YihCjsxUOm72kX5Z3,23FHa9lYnG6Dr8OzombPkS,Roots,Valerie Broussard,37,2019-08-16,0.783,0.177,122.998,0.037,0.0653,1.35e-05,0.683,184564,-4.879,0.583,1,7
165,12,2nus3YihCjsxUOm72kX5Z3,Beats/EDM,2nus3YihCjsxUOm72kX5Z3,7BKLCZ1jbUBVqRi2FVlTVw,Closer,The Chainsmokers,85,2016-07-29,0.524,0.111,95.01,0.0338,0.414,0,0.748,244960,-5.599,0.661,1,8
166,12,2nus3YihCjsxUOm72kX5Z3,Beats/EDM,2nus3YihCjsxUOm72kX5Z3,7BKLCZ1jbUBVqRi2FVlTVw,Closer,The Chainsmokers,85,2016-07-29,0.524,0.111,95.01,0.0338,0.414,0,0.748,244960,-5.599,0.661,1,8
167,12,2nus3YihCjsxUOm72kX5Z3,Beats/EDM,2nus3YihCjsxUOm72kX5Z3,7BKLCZ1jbUBVqRi2FVlTVw,Closer,The Chainsmokers,85,2016-07-29,0.524,0.111,95.01,0.0338,0.414,0,0.748,244960,-5.599,0.661,1,8
168,12,2nus3YihCjsxUOm72kX5Z3,Beats/EDM,2nus3YihCjsxUOm72kX5Z3,2CPqh63wRVscbceKcPxwvv,The Ocean (feat. Shy Martin),Mike Perry,73,2016-04-15,0.575,0.104,90.037,0.029,0.0225,1.81e-06,0.632,183414,-6.478,0.188,1,5
169,12,2nus3YihCjsxUOm72kX5Z3,Beats/EDM,2nus3YihCjsxUOm72kX5Z3,2CPqh63wRVscbceKcPxwvv,The Ocean (feat. Shy Martin),Mike Perry,73,2016-04-15,0.575,0.104,90.037,0.029,0.0225,1.81e-06,0.632,183414,-6.478,0.188,1,5
170,12,2nus3YihCjsxUOm72kX5Z3,Beats/EDM,2nus3YihCjsxUOm72kX5Z3,09IStsImFySgyp0pIQdqAc,The Middle,Zedd,82,2018-01-23,0.657,0.112,107.01,0.0449,0.171,0,0.753,184732,-3.061,0.437,1,7
171,12,2nus3YihCjsxUOm72kX5Z3,Beats/EDM,2nus3YihCjsxUOm72kX5Z3,09IStsImFySgyp0pIQdqAc,The Middle,Zedd,82,2018-01-23,0.657,0.112,107.01,0.0449,0.171,0,0.753,184732,-3.061,0.437,1,7
172,12,2nus3YihCjsxUOm72kX5Z3,Beats/EDM,2nus3YihCjsxUOm72kX5Z3,09IStsImFySgyp0pIQdqAc,The Middle,Zedd,82,2018-01-23,0.657,0.112,107.01,0.0449,0.171,0,0.753,184732,-3.061,0.437,1,7
173,12,2nus3YihCjsxUOm72kX5Z3,Beats/EDM,2nus3YihCjsxUOm72kX5Z3,0M0FvSNRZmDz0Z769rewlI,Fire In My Soul,Oliver Heldens,62,2018-10-26,0.977,0.0703,126.178,0.312,0.206,0.000103,0.592,175254,-3.389,0.496,1,6
174,12,2nus3YihCjsxUOm72kX5Z3,Beats/EDM,2nus3YihCjsxUOm72kX5Z3,0M0FvSNRZmDz0Z769rewlI,Fire In My Soul,Oliver Heldens,62,2018-10-26,0.977,0.0703,126.178,0.312,0.206,0.000103,0.592,175254,-3.389,0.496,1,6
175,12,2nus3YihCjsxUOm72kX5Z3,Beats/EDM,2nus3YihCjsxUOm72kX5Z3,6wo37KVqFJhtuxPTpLCcfe,Takeaway (feat. Lennon Stella),The Chainsmokers,3,2019-07-24,0.505,0.0977,85.332,0.042,0.12,0,0.294,209893,-8.106,0.357,1,3
176,12,2nus3YihCjsxUOm72kX5Z3,Beats/EDM,2nus3YihCjsxUOm72kX5Z3,3FWPoYBDserKdzcattMFGa,Roses (feat. ROZES),The Chainsmokers,61,2015-10-23,0.808,0.225,100.033,0.0473,0.0299,0.00414,0.718,225813,-7.652,0.309,1,4
177,12,2nus3YihCjsxUOm72kX5Z3,Beats/EDM,2nus3YihCjsxUOm72kX5Z3,4TyroqnSj0YkpZ9rf2Skq7,Collide,Jake Miller,0,2013-11-05,0.683,0.0679,127.937,0.0518,0.0122,0.00011,0.564,215587,-7.754,0.188,1,9
178,12,2nus3YihCjsxUOm72kX5Z3,Beats/EDM,2nus3YihCjsxUOm72kX5Z3,4G6A1vrOJC6pUwBhxfoSQS,Can't Help Myself,Jake Miller,44,2017-06-16,0.615,0.109,76.53,0.0506,0.209,0,0.656,210000,-5.562,0.732,1,1
179,12,2nus3YihCjsxUOm72kX5Z3,Beats/EDM,2nus3YihCjsxUOm72kX5Z3,7wOqBOryVGD3nqDUihDSwL,Rumors,NEFFEX,72,2017-04-26,0.706,0.426,74.972,0.115,0.0603,2.75e-06,0.673,247608,-8.4,0.516,1,8
180,12,2nus3YihCjsxUOm72kX5Z3,Beats/EDM,2nus3YihCjsxUOm72kX5Z3,0U6bQIAh6MCGo1xjbIIx2S,Instagram,Dimitri Vegas & Like Mike,73,2019-07-05,0.906,0.423,96.071,0.0965,0.125,0,0.765,184558,-2.097,0.95,0,8
181,12,2nus3YihCjsxUOm72kX5Z3,Beats/EDM,2nus3YihCjsxUOm72kX5Z3,0U6bQIAh6MCGo1xjbIIx2S,Instagram,Dimitri Vegas & Like Mike,73,2019-07-05,0.906,0.423,96.071,0.0965,0.125,0,0.765,184558,-2.097,0.95,0,8
182,12,2nus3YihCjsxUOm72kX5Z3,Beats/EDM,2nus3YihCjsxUOm72kX5Z3,10AsRVRdU07cMAFHeGYO3c,Solo Dance,Martin Jensen,70,2016-11-04,0.846,0.195,114.955,0.048,0.0485,0,0.746,174933,-2.432,0.403,1,9
183,12,2nus3YihCjsxUOm72kX5Z3,Beats/EDM,2nus3YihCjsxUOm72kX5Z3,10AsRVRdU07cMAFHeGYO3c,Solo Dance,Martin Jensen,70,2016-11-04,0.846,0.195,114.955,0.048,0.0485,0,0.746,174933,-2.432,0.403,1,9
184,12,2nus3YihCjsxUOm72kX5Z3,Beats/EDM,2nus3YihCjsxUOm72kX5Z3,5NQJnRpJHRaupdegphntQT,Jealous - Remix,Nick Jonas,67,2015-11-20,0.71,0.444,93.007,0.0779,0.0132,0,0.684,222187,-3.614,0.451,0,11
185,12,2nus3YihCjsxUOm72kX5Z3,Beats/EDM,2nus3YihCjsxUOm72kX5Z3,5NQJnRpJHRaupdegphntQT,Jealous - Remix,Nick Jonas,67,2015-11-20,0.71,0.444,93.007,0.0779,0.0132,0,0.684,222187,-3.614,0.451,0,11
186,12,2nus3YihCjsxUOm72kX5Z3,Beats/EDM,2nus3YihCjsxUOm72kX5Z3,3JfWag2CDEnst8uzV6nxvT,Get Wet - Radio Edit by Fly Records,Fly Project,10,2017-07-11,0.649,0.188,87.949,0.0981,0.0109,0,0.74,169091,-5.871,0.698,1,9
187,12,2nus3YihCjsxUOm72kX5Z3,Beats/EDM,2nus3YihCjsxUOm72kX5Z3,1LjxmkW3xRQP2HzswhYyyc,Let It Be Me,Steve Aoki,39,2019-09-06,0.758,0.106,114.098,0.0864,0.0797,0,0.661,224061,-5.299,0.387,1,7
188,12,2nus3YihCjsxUOm72kX5Z3,Beats/EDM,2nus3YihCjsxUOm72kX5Z3,1LjxmkW3xRQP2HzswhYyyc,Let It Be Me,Steve Aoki,39,2019-09-06,0.758,0.106,114.098,0.0864,0.0797,0,0.661,224061,-5.299,0.387,1,7
189,12,2nus3YihCjsxUOm72kX5Z3,Beats/EDM,2nus3YihCjsxUOm72kX5Z3,3biFdxByHgUhTbp2dG89zK,Dance Like We're Making Love,Ciara,54,2015-05-04,0.541,0.165,96.046,0.0659,0.063,4.47e-06,0.721,256600,-8.623,0.263,0,7
190,12,2nus3YihCjsxUOm72kX5Z3,Beats/EDM,2nus3YihCjsxUOm72kX5Z3,0GRoERSBBky3YgdKW2w2Vc,Brave,Don Diablo,61,2019-04-26,0.874,0.134,119.85,0.0543,0.169,1.77e-06,0.654,184027,-3.885,0.542,1,6
191,12,2nus3YihCjsxUOm72kX5Z3,Beats/EDM,2nus3YihCjsxUOm72kX5Z3,6PqUdUGS4h5aGY7YyEGXr8,All The Lies,Alok,64,2019-03-15,0.835,0.107,102.023,0.139,0.167,0,0.611,179457,-4.107,0.672,1,6
192,12,2nus3YihCjsxUOm72kX5Z3,Beats/EDM,2nus3YihCjsxUOm72kX5Z3,30eirMgaGW0OpA3Yi8U4bL,I Still Remember (R3HAB Remix),Caroline Romano,39,2020-05-14,0.577,0.642,124.002,0.0694,0.19,0,0.774,171774,-8.009,0.636,0,7
193,12,2nus3YihCjsxUOm72kX5Z3,Beats/EDM,2nus3YihCjsxUOm72kX5Z3,62hK2OalNLhutnAShdq8nS,I Want You to Freak,Rak-Su,49,2018-09-28,0.932,0.246,100.036,0.164,0.0145,0,0.645,188704,-3.129,0.451,0,4
194,12,2nus3YihCjsxUOm72kX5Z3,Beats/EDM,2nus3YihCjsxUOm72kX5Z3,62hK2OalNLhutnAShdq8nS,I Want You to Freak,Rak-Su,49,2018-09-28,0.932,0.246,100.036,0.164,0.0145,0,0.645,188704,-3.129,0.451,0,4
195,12,2nus3YihCjsxUOm72kX5Z3,Beats/EDM,2nus3YihCjsxUOm72kX5Z3,36orMWv2PgvnzXsd5CJ0yL,Post Malone (feat. RANI),Sam Feldt,71,2019-08-16,0.642,0.105,107.356,0.122,0.0771,0,0.59,174444,-3.87,0.651,1,7
196,12,2nus3YihCjsxUOm72kX5Z3,Beats/EDM,2nus3YihCjsxUOm72kX5Z3,2ak79ho44RiDi9DFrqYgfq,Bruised Not Broken (feat. MNEK & Kiana Ledé),Matoma,58,2019-06-14,0.573,0.324,110.006,0.0484,0.109,0,0.764,160909,-4.385,0.685,1,6
197,12,2nus3YihCjsxUOm72kX5Z3,Beats/EDM,2nus3YihCjsxUOm72kX5Z3,2ak79ho44RiDi9DFrqYgfq,Bruised Not Broken (feat. MNEK & Kiana Ledé),Matoma,58,2019-06-14,0.573,0.324,110.006,0.0484,0.109,0,0.764,160909,-4.385,0.685,1,6
198,12,2nus3YihCjsxUOm72kX5Z3,Beats/EDM,2nus3YihCjsxUOm72kX5Z3,01TuObJVd7owWchVRuQbQw,#thatPOWER,will.i.am,69,2013-01-01,0.608,0.0748,127.999,0.0584,0.00112,7.66e-05,0.797,279507,-6.096,0.402,0,6
199,12,2nus3YihCjsxUOm72kX5Z3,Beats/EDM,2nus3YihCjsxUOm72kX5Z3,01TuObJVd7owWchVRuQbQw,#thatPOWER,will.i.am,69,2013-01-01,0.608,0.0748,127.999,0.0584,0.00112,7.66e-05,0.797,279507,-6.096,0.402,0,6
200,12,2nus3YihCjsxUOm72kX5Z3,Beats/EDM,2nus3YihCjsxUOm72kX5Z3,1HZ5LJMCzClg2pdomCnEPw,Dynamite - EDM Remix,BTS,0,2020-08-24,0.838,0.0961,122.985,0.0599,0.0019,0.444,0.707,198939,-4.732,0.318,0,1
201,12,2nus3YihCjsxUOm72kX5Z3,Beats/EDM,2nus3YihCjsxUOm72kX5Z3,7jqXDgGWkV4w2ctdb2g59o,At Least I Had Fun,Martin Jensen,69,2020-08-14,0.706,0.0536,116.032,0.0382,0.198,0,0.794,170614,-6.066,0.908,0,5
202,12,2nus3YihCjsxUOm72kX5Z3,Beats/EDM,2nus3YihCjsxUOm72kX5Z3,39umHdGKfpnjY4TFtnoQ51,Too Much (feat. Usher),Marshmello,73,2020-10-23,0.891,0.258,126.012,0.0401,0.00415,0,0.712,165704,-2.76,0.735,0,6
203,12,2nus3YihCjsxUOm72kX5Z3,Beats/EDM,2nus3YihCjsxUOm72kX5Z3,6IiCb4PCrDgqLuDWgHhFi7,Inside Out (feat. Griff),Zedd,68,2020-10-23,0.683,0.109,146.058,0.0434,0.169,0,0.64,186245,-4.309,0.4,1,2
204,12,2nus3YihCjsxUOm72kX5Z3,Beats/EDM,2nus3YihCjsxUOm72kX5Z3,5vcWofxLx9TMEpmGsJHiMT,Instant Moments,Firebeatz,32,2020-10-23,0.778,0.116,128.012,0.0404,0.000773,0.834,0.675,168750,-10.279,0.347,0,11
205,12,2nus3YihCjsxUOm72kX5Z3,Beats/EDM,2nus3YihCjsxUOm72kX5Z3,43XVdVydjpHCCGMrsjc785,Post Malone (feat. RANI) - Joe Stone Remix,Sam Feldt,56,2019-08-16,0.879,0.226,125.985,0.231,0.223,0.00214,0.721,173333,-2.191,0.653,1,7
206,12,2nus3YihCjsxUOm72kX5Z3,Beats/EDM,2nus3YihCjsxUOm72kX5Z3,4DnKcKgI62poB2usPeVdkf,Sleep Deprived,Lvly,36,2019-01-11,0.937,0.13,128.043,0.0707,0.00392,0.000329,0.746,198529,-4.16,0.472,0,11
207,12,2nus3YihCjsxUOm72kX5Z3,Beats/EDM,2nus3YihCjsxUOm72kX5Z3,4DnKcKgI62poB2usPeVdkf,Sleep Deprived,Lvly,36,2019-01-11,0.937,0.13,128.043,0.0707,0.00392,0.000329,0.746,198529,-4.16,0.472,0,11
208,12,2nus3YihCjsxUOm72kX5Z3,Beats/EDM,2nus3YihCjsxUOm72kX5Z3,2UcK3xgGDxPSyKzKqyPv0s,Girl in the Mirror,Bebe Rexha,65,2019-04-26,0.69,0.296,106.966,0.0352,0.0615,0,0.748,158066,-3.053,0.513,1,2
209,12,2nus3YihCjsxUOm72kX5Z3,Beats/EDM,2nus3YihCjsxUOm72kX5Z3,2UcK3xgGDxPSyKzKqyPv0s,Girl in the Mirror,Bebe Rexha,65,2019-04-26,0.69,0.296,106.966,0.0352,0.0615,0,0.748,158066,-3.053,0.513,1,2
210,12,2nus3YihCjsxUOm72kX5Z3,Beats/EDM,2nus3YihCjsxUOm72kX5Z3,2UcK3xgGDxPSyKzKqyPv0s,Girl in the Mirror,Bebe Rexha,65,2019-04-26,0.69,0.296,106.966,0.0352,0.0615,0,0.748,158066,-3.053,0.513,1,2
211,12,2nus3YihCjsxUOm72kX5Z3,Beats/EDM,2nus3YihCjsxUOm72kX5Z3,3EO4XZNWf9CuOqYLsm32OJ,Bruised Not Broken (feat. MNEK & Kiana Ledé),Matoma,11,2019-08-02,0.573,0.324,110.006,0.0484,0.109,0,0.764,160909,-4.385,0.685,1,6
212,12,2nus3YihCjsxUOm72kX5Z3,Beats/EDM,2nus3YihCjsxUOm72kX5Z3,3EO4XZNWf9CuOqYLsm32OJ,Bruised Not Broken (feat. MNEK & Kiana Ledé),Matoma,11,2019-08-02,0.573,0.324,110.006,0.0484,0.109,0,0.764,160909,-4.385,0.685,1,6
213,12,2nus3YihCjsxUOm72kX5Z3,Beats/EDM,2nus3YihCjsxUOm72kX5Z3,6Tdy6tOHVEyBmlObZpGJJc,Beside You (feat. Georgia Ku),Matoma,59,2020-05-07,0.794,0.0664,123.02,0.0945,0.0801,0,0.634,176640,-6.363,0.67,1,6
214,12,2nus3YihCjsxUOm72kX5Z3,Beats/EDM,2nus3YihCjsxUOm72kX5Z3,6Tdy6tOHVEyBmlObZpGJJc,Beside You (feat. Georgia Ku),Matoma,59,2020-05-07,0.794,0.0664,123.02,0.0945,0.0801,0,0.634,176640,-6.363,0.67,1,6
215,12,2nus3YihCjsxUOm72kX5Z3,Beats/EDM,2nus3YihCjsxUOm72kX5Z3,6llBOJ6HLHvlVnKeZqhXk8,Rumors,Jake Miller,58,2015-07-08,0.712,0.106,120.022,0.0465,0.134,0,0.883,186103,-4.769,0.825,0,1
216,12,2nus3YihCjsxUOm72kX5Z3,Beats/EDM,2nus3YihCjsxUOm72kX5Z3,6llBOJ6HLHvlVnKeZqhXk8,Rumors,Jake Miller,58,2015-07-08,0.712,0.106,120.022,0.0465,0.134,0,0.883,186103,-4.769,0.825,0,1
217,12,2nus3YihCjsxUOm72kX5Z3,Beats/EDM,2nus3YihCjsxUOm72kX5Z3,5H6af60Y0yBIEzjfbAXLBq,Zurna,Blasterjaxx,49,2020-11-20,0.637,0.199,130.085,0.0365,0.0605,0.00315,0.584,166154,-3.151,0.0659,1,1
218,12,2nus3YihCjsxUOm72kX5Z3,Beats/EDM,2nus3YihCjsxUOm72kX5Z3,5H6af60Y0yBIEzjfbAXLBq,Zurna,Blasterjaxx,49,2020-11-20,0.637,0.199,130.085,0.0365,0.0605,0.00315,0.584,166154,-3.151,0.0659,1,1
219,12,2nus3YihCjsxUOm72kX5Z3,Beats/EDM,2nus3YihCjsxUOm72kX5Z3,2jGOQqWZKjy6A64kWIcdIs,"Like A Riddle (feat. Hearts & Colors, Adam Trigger)",Felix Jaehn,51,2018-02-16,0.722,0.117,109.992,0.0377,0.077,4.54e-06,0.809,179565,-4.953,0.538,1,7
220,12,2nus3YihCjsxUOm72kX5Z3,Beats/EDM,2nus3YihCjsxUOm72kX5Z3,2jGOQqWZKjy6A64kWIcdIs,"Like A Riddle (feat. Hearts & Colors, Adam Trigger)",Felix Jaehn,51,2018-02-16,0.722,0.117,109.992,0.0377,0.077,4.54e-06,0.809,179565,-4.953,0.538,1,7
221,12,2nus3YihCjsxUOm72kX5Z3,Beats/EDM,2nus3YihCjsxUOm72kX5Z3,2jGOQqWZKjy6A64kWIcdIs,"Like A Riddle (feat. Hearts & Colors, Adam Trigger)",Felix Jaehn,51,2018-02-16,0.722,0.117,109.992,0.0377,0.077,4.54e-06,0.809,179565,-4.953,0.538,1,7
222,12,2nus3YihCjsxUOm72kX5Z3,Beats/EDM,2nus3YihCjsxUOm72kX5Z3,2jGOQqWZKjy6A64kWIcdIs,"Like A Riddle (feat. Hearts & Colors, Adam Trigger)",Felix Jaehn,51,2018-02-16,0.722,0.117,109.992,0.0377,0.077,4.54e-06,0.809,179565,-4.953,0.538,1,7
223,12,2nus3YihCjsxUOm72kX5Z3,Beats/EDM,2nus3YihCjsxUOm72kX5Z3,2vIkEXi009Hxc1K3oMsLqR,Bodytalk (STFU),Blasterjaxx,58,2020-12-18,0.808,0.22,140.055,0.0579,0.00307,0.0624,0.773,145821,-6.444,0.418,1,0
224,12,2nus3YihCjsxUOm72kX5Z3,Beats/EDM,2nus3YihCjsxUOm72kX5Z3,2vIkEXi009Hxc1K3oMsLqR,Bodytalk (STFU),Blasterjaxx,58,2020-12-18,0.808,0.22,140.055,0.0579,0.00307,0.0624,0.773,145821,-6.444,0.418,1,0
225,12,2nus3YihCjsxUOm72kX5Z3,Beats/EDM,2nus3YihCjsxUOm72kX5Z3,7x74XLYJqptDCmY4y3FaVh,My Head & My Heart - Jonas Blue Remix,Ava Max,70,2020-12-10,0.899,0.298,123.034,0.0391,0.0025,8.33e-05,0.675,179512,-4.787,0.344,0,9
226,12,2nus3YihCjsxUOm72kX5Z3,Beats/EDM,2nus3YihCjsxUOm72kX5Z3,4o7zeDjEoPALOH9ZN483Oj,I'm Going Like,Hallman,56,2019-01-04,0.803,0.16,125.986,0.0368,0.0207,0.803,0.659,185681,-6.945,0.336,1,4
227,12,2nus3YihCjsxUOm72kX5Z3,Beats/EDM,2nus3YihCjsxUOm72kX5Z3,4o7zeDjEoPALOH9ZN483Oj,I'm Going Like,Hallman,56,2019-01-04,0.803,0.16,125.986,0.0368,0.0207,0.803,0.659,185681,-6.945,0.336,1,4
228,12,2nus3YihCjsxUOm72kX5Z3,Beats/EDM,2nus3YihCjsxUOm72kX5Z3,4o7zeDjEoPALOH9ZN483Oj,I'm Going Like,Hallman,56,2019-01-04,0.803,0.16,125.986,0.0368,0.0207,0.803,0.659,185681,-6.945,0.336,1,4
229,12,2nus3YihCjsxUOm72kX5Z3,Beats/EDM,2nus3YihCjsxUOm72kX5Z3,7zx1i0jGcFwMBurajgKlO7,Black Magic,Jonasu,64,2020-12-18,0.634,0.276,124.074,0.163,0.0564,0,0.812,174194,-4.96,0.463,1,8
230,12,2nus3YihCjsxUOm72kX5Z3,Beats/EDM,2nus3YihCjsxUOm72kX5Z3,7zx1i0jGcFwMBurajgKlO7,Black Magic,Jonasu,64,2020-12-18,0.634,0.276,124.074,0.163,0.0564,0,0.812,174194,-4.96,0.463,1,8
231,12,2nus3YihCjsxUOm72kX5Z3,Beats/EDM,2nus3YihCjsxUOm72kX5Z3,2xbRwcylUnX881qaqf5ZZJ,Freak - Joe Stone 2K18 Edit,R3HAB,62,2018-12-21,0.855,0.502,125.943,0.236,0.222,0,0.666,177143,-5.318,0.769,0,11
232,12,2nus3YihCjsxUOm72kX5Z3,Beats/EDM,2nus3YihCjsxUOm72kX5Z3,0HJ7K7uauPS05UqWUkIxGM,Let Me Love You - DAZZ Remix,CALVO,61,2019-04-12,0.88,0.0733,123.416,0.0712,0.0183,0,0.406,160749,-5.564,0.383,1,5
233,12,2nus3YihCjsxUOm72kX5Z3,Beats/EDM,2nus3YihCjsxUOm72kX5Z3,1xK7enJZVdv37fnnxoZlPq,With You,Kaskade,66,2019-06-14,0.921,0.19,172.191,0.486,0.123,0,0.362,180840,-3.815,0.529,0,1
234,12,2nus3YihCjsxUOm72kX5Z3,Beats/EDM,2nus3YihCjsxUOm72kX5Z3,3HTySujYyWa1nZdfiZVZs0,I Luv U (with R3HAB),Sofia Carson,58,2020-03-20,0.558,0.116,96.072,0.0641,0.0532,2.14e-05,0.875,150938,-6.164,0.44,1,1
235,12,2nus3YihCjsxUOm72kX5Z3,Beats/EDM,2nus3YihCjsxUOm72kX5Z3,3HTySujYyWa1nZdfiZVZs0,I Luv U (with R3HAB),Sofia Carson,58,2020-03-20,0.558,0.116,96.072,0.0641,0.0532,2.14e-05,0.875,150938,-6.164,0.44,1,1
236,12,2nus3YihCjsxUOm72kX5Z3,Beats/EDM,2nus3YihCjsxUOm72kX5Z3,3HTySujYyWa1nZdfiZVZs0,I Luv U (with R3HAB),Sofia Carson,58,2020-03-20,0.558,0.116,96.072,0.0641,0.0532,2.14e-05,0.875,150938,-6.164,0.44,1,1
237,12,2nus3YihCjsxUOm72kX5Z3,Beats/EDM,2nus3YihCjsxUOm72kX5Z3,4ZVSSE2JUJwsyTukDwjoT6,Sign,DEAMN,26,2018-02-13,0.903,0.217,108.914,0.0282,0.0247,0.00167,0.705,191560,-4.016,0.472,1,3
238,12,2nus3YihCjsxUOm72kX5Z3,Beats/EDM,2nus3YihCjsxUOm72kX5Z3,4ZVSSE2JUJwsyTukDwjoT6,Sign,DEAMN,26,2018-02-13,0.903,0.217,108.914,0.0282,0.0247,0.00167,0.705,191560,-4.016,0.472,1,3
239,12,2nus3YihCjsxUOm72kX5Z3,Beats/EDM,2nus3YihCjsxUOm72kX5Z3,2tnVG71enUj33Ic2nFN6kZ,Ride It,Regard,86,2019-07-26,0.751,0.106,117.948,0.0874,0.177,6.43e-05,0.88,157606,-4.258,0.884,0,7
240,12,2nus3YihCjsxUOm72kX5Z3,Beats/EDM,2nus3YihCjsxUOm72kX5Z3,2tnVG71enUj33Ic2nFN6kZ,Ride It,Regard,86,2019-07-26,0.751,0.106,117.948,0.0874,0.177,6.43e-05,0.88,157606,-4.258,0.884,0,7
241,12,2nus3YihCjsxUOm72kX5Z3,Beats/EDM,2nus3YihCjsxUOm72kX5Z3,2dmZy75CTSv6BFo7IbO0eK,Mr. Saxobeat,Klaas,67,2020-02-21,0.889,0.24,127.012,0.127,0.0476,0.0336,0.638,151181,-5.276,0.511,0,11
242,12,2nus3YihCjsxUOm72kX5Z3,Beats/EDM,2nus3YihCjsxUOm72kX5Z3,2dmZy75CTSv6BFo7IbO0eK,Mr. Saxobeat,Klaas,67,2020-02-21,0.889,0.24,127.012,0.127,0.0476,0.0336,0.638,151181,-5.276,0.511,0,11
243,12,2nus3YihCjsxUOm72kX5Z3,Beats/EDM,2nus3YihCjsxUOm72kX5Z3,7N06jo3EnV792VFaG8vuW6,Close Your Eyes,Felix Jaehn,75,2019-11-22,0.823,0.133,128.136,0.2,0.0663,1.17e-05,0.818,160794,-3.563,0.52,0,11
244,13,5i6yEeebTUHNIDHGi4kdLF,Random,5i6yEeebTUHNIDHGi4kdLF,2CPqh63wRVscbceKcPxwvv,The Ocean (feat. Shy Martin),Mike Perry,73,2016-04-15,0.575,0.104,90.037,0.029,0.0225,1.81e-06,0.632,183414,-6.478,0.188,1,5
245,13,5i6yEeebTUHNIDHGi4kdLF,Random,5i6yEeebTUHNIDHGi4kdLF,2CPqh63wRVscbceKcPxwvv,The Ocean (feat. Shy Martin),Mike Perry,73,2016-04-15,0.575,0.104,90.037,0.029,0.0225,1.81e-06,0.632,183414,-6.478,0.188,1,5
246,13,5i6yEeebTUHNIDHGi4kdLF,Random,5i6yEeebTUHNIDHGi4kdLF,09IStsImFySgyp0pIQdqAc,The Middle,Zedd,82,2018-01-23,0.657,0.112,107.01,0.0449,0.171,0,0.753,184732,-3.061,0.437,1,7
247,13,5i6yEeebTUHNIDHGi4kdLF,Random,5i6yEeebTUHNIDHGi4kdLF,09IStsImFySgyp0pIQdqAc,The Middle,Zedd,82,2018-01-23,0.657,0.112,107.01,0.0449,0.171,0,0.753,184732,-3.061,0.437,1,7
248,13,5i6yEeebTUHNIDHGi4kdLF,Random,5i6yEeebTUHNIDHGi4kdLF,09IStsImFySgyp0pIQdqAc,The Middle,Zedd,82,2018-01-23,0.657,0.112,107.01,0.0449,0.171,0,0.753,184732,-3.061,0.437,1,7
249,13,5i6yEeebTUHNIDHGi4kdLF,Random,5i6yEeebTUHNIDHGi4kdLF,3Uoe0ZdEy9lLrXj1HhXx9H,Fast Car,Jonas Blue,0,2018-11-09,0.578,0.312,113.945,0.0569,0.469,0,0.672,212424,-6.621,0.548,1,9
250,13,5i6yEeebTUHNIDHGi4kdLF,Random,5i6yEeebTUHNIDHGi4kdLF,7BKLCZ1jbUBVqRi2FVlTVw,Closer,The Chainsmokers,85,2016-07-29,0.524,0.111,95.01,0.0338,0.414,0,0.748,244960,-5.599,0.661,1,8
251,13,5i6yEeebTUHNIDHGi4kdLF,Random,5i6yEeebTUHNIDHGi4kdLF,7BKLCZ1jbUBVqRi2FVlTVw,Closer,The Chainsmokers,85,2016-07-29,0.524,0.111,95.01,0.0338,0.414,0,0.748,244960,-5.599,0.661,1,8
252,13,5i6yEeebTUHNIDHGi4kdLF,Random,5i6yEeebTUHNIDHGi4kdLF,7BKLCZ1jbUBVqRi2FVlTVw,Closer,The Chainsmokers,85,2016-07-29,0.524,0.111,95.01,0.0338,0.414,0,0.748,244960,-5.599,0.661,1,8
253,13,5i6yEeebTUHNIDHGi4kdLF,Random,5i6yEeebTUHNIDHGi4kdLF,23L5CiUhw2jV1OIMwthR3S,In the Name of Love,Martin Garrix,78,2016-07-29,0.519,0.454,133.99,0.0409,0.109,0,0.501,195707,-5.88,0.168,0,4
254,13,5i6yEeebTUHNIDHGi4kdLF,Random,5i6yEeebTUHNIDHGi4kdLF,3G2O60rq5a77GEIwK1mVmh,Make Me Yours,Borgeous,50,2018-07-20,0.615,0.124,127.904,0.0395,0.0124,1.33e-06,0.577,195239,-6.084,0.174,0,7
255,13,5i6yEeebTUHNIDHGi4kdLF,Random,5i6yEeebTUHNIDHGi4kdLF,0dXNQ8dckG4eYfEtq9zcva,All Night,The Vamps,76,2017-07-14,0.804,0.33,144.992,0.0358,0.0041,0,0.538,197640,-5.194,0.507,1,8
256,13,5i6yEeebTUHNIDHGi4kdLF,Random,5i6yEeebTUHNIDHGi4kdLF,0M0FvSNRZmDz0Z769rewlI,Fire In My Soul,Oliver Heldens,62,2018-10-26,0.977,0.0703,126.178,0.312,0.206,0.000103,0.592,175254,-3.389,0.496,1,6
257,13,5i6yEeebTUHNIDHGi4kdLF,Random,5i6yEeebTUHNIDHGi4kdLF,0M0FvSNRZmDz0Z769rewlI,Fire In My Soul,Oliver Heldens,62,2018-10-26,0.977,0.0703,126.178,0.312,0.206,0.000103,0.592,175254,-3.389,0.496,1,6
258,13,5i6yEeebTUHNIDHGi4kdLF,Random,5i6yEeebTUHNIDHGi4kdLF,6h5PAsRni4IRlxWr6uDPTP,More Than You Know,Axwell /\ Ingrosso,80,2017-07-28,0.741,0.312,123.077,0.034,0.0275,0,0.646,203000,-4.973,0.571,0,5
259,13,5i6yEeebTUHNIDHGi4kdLF,Random,5i6yEeebTUHNIDHGi4kdLF,2rizacJSyD9S1IQUxUxnsK,All We Know,The Chainsmokers,69,2016-09-29,0.586,0.115,90.0,0.0307,0.097,0.00272,0.662,194080,-8.821,0.296,1,0
260,13,5i6yEeebTUHNIDHGi4kdLF,Random,5i6yEeebTUHNIDHGi4kdLF,2Hi2tWANUXtd1URtLYgwne,All Night - Acoustic,The Vamps,50,2017-08-04,0.62,0.205,152.034,0.037,0.0601,0,0.55,183963,-5.348,0.42,1,5
261,13,5i6yEeebTUHNIDHGi4kdLF,Random,5i6yEeebTUHNIDHGi4kdLF,5AFMjlqAA0skXGqZHGZDxt,Perfect Strangers - Acoustic,Jonas Blue,52,2016-07-15,0.672,0.112,117.943,0.0377,0.757,0,0.661,191206,-4.292,0.609,1,0
262,13,5i6yEeebTUHNIDHGi4kdLF,Random,5i6yEeebTUHNIDHGi4kdLF,7tOAtB2F50KXEkw86frba6,Dancing On My Own - Acoustic,Calum Scott,58,2016-06-24,0.0784,0.151,117.964,0.0413,0.954,1.54e-06,0.528,253482,-11.402,0.418,1,1
263,13,5i6yEeebTUHNIDHGi4kdLF,Random,5i6yEeebTUHNIDHGi4kdLF,6PkzXU8dlwtfrwyTlUyVnv,Show Me Love - EDX Remix / Radio Edit,Sam Feldt,67,2015-06-14,0.659,0.0704,121.022,0.0677,0.297,0.000811,0.832,180336,-5.831,0.712,1,0
264,13,5i6yEeebTUHNIDHGi4kdLF,Random,5i6yEeebTUHNIDHGi4kdLF,6PkzXU8dlwtfrwyTlUyVnv,Show Me Love - EDX Remix / Radio Edit,Sam Feldt,67,2015-06-14,0.659,0.0704,121.022,0.0677,0.297,0.000811,0.832,180336,-5.831,0.712,1,0
265,13,5i6yEeebTUHNIDHGi4kdLF,Random,5i6yEeebTUHNIDHGi4kdLF,0aAVBcORefVNADGxgqh8XM,Getaway,Tritonal,44,2016-09-09,0.723,0.323,128.138,0.0434,0.128,0,0.583,217499,-3.888,0.351,0,6
266,13,5i6yEeebTUHNIDHGi4kdLF,Random,5i6yEeebTUHNIDHGi4kdLF,4QVS8YCpK71R4FsxSMCjhP,Tie Me Down (with Elley Duhé),Gryffin,71,2018-08-03,0.839,0.102,98.932,0.0644,0.135,0,0.548,218296,-2.371,0.314,1,6
267,13,5i6yEeebTUHNIDHGi4kdLF,Random,5i6yEeebTUHNIDHGi4kdLF,5JKU2tXiG3yvJtefNwe7ZQ,Touch,3LAU,54,2018-02-16,0.797,0.21,110.051,0.0499,0.0166,3.23e-05,0.576,205773,-5.476,0.137,0,11
268,13,5i6yEeebTUHNIDHGi4kdLF,Random,5i6yEeebTUHNIDHGi4kdLF,6ULQ6ZRc7JuVutRMy6gfgc,Feel Good,Felix Jaehn,60,2018-02-16,0.903,0.168,125.948,0.038,0.121,0.000123,0.702,166947,-3.921,0.66,1,4
269,13,5i6yEeebTUHNIDHGi4kdLF,Random,5i6yEeebTUHNIDHGi4kdLF,1I8tHoNBFTuoJAlh4hfVVE,Firestone,Kygo,77,2016-05-13,0.634,0.0952,113.927,0.0428,0.393,3.17e-05,0.704,271640,-7.374,0.411,0,11
270,13,5i6yEeebTUHNIDHGi4kdLF,Random,5i6yEeebTUHNIDHGi4kdLF,1Sl3njkhhz8nrSPZroDQ82,Complicated (feat. Kiiara),Dimitri Vegas & Like Mike,63,2017-07-28,0.819,0.159,90.004,0.0313,0.191,0,0.678,184248,-3.306,0.499,1,8
271,13,5i6yEeebTUHNIDHGi4kdLF,Random,5i6yEeebTUHNIDHGi4kdLF,2iUXsYOEPhVqEBwsqP70rE,Youngblood,5 Seconds of Summer,82,2018-06-15,0.854,0.124,120.274,0.463,0.0169,0,0.596,203418,-5.114,0.152,0,7
272,13,5i6yEeebTUHNIDHGi4kdLF,Random,5i6yEeebTUHNIDHGi4kdLF,43wzy7JxMEfvCh8ZFeZKYk,Right Now,Nick Jonas,65,2018-08-24,0.751,0.0912,103.956,0.193,0.0104,0,0.597,201680,-4.982,0.568,0,6
273,13,5i6yEeebTUHNIDHGi4kdLF,Random,5i6yEeebTUHNIDHGi4kdLF,4cZ3UsiKd1kUQIaq4BFIj2,No One Compares To You,Jack & Jack,69,2019-01-25,0.748,0.0941,111.939,0.0434,0.127,0,0.7,182920,-6.044,0.631,1,1
274,13,5i6yEeebTUHNIDHGi4kdLF,Random,5i6yEeebTUHNIDHGi4kdLF,6TjP1C3sGQH1jBfzUXfcMg,Kamikaze,MØ,59,2015-10-15,0.878,0.328,158.035,0.0646,0.0368,3.39e-06,0.663,214240,-3.195,0.704,0,1
275,13,5i6yEeebTUHNIDHGi4kdLF,Random,5i6yEeebTUHNIDHGi4kdLF,5JEx7HbmvHQQswJCsoo9rA,Close To Me (with Diplo) (feat. Swae Lee),Ellie Goulding,71,2018-10-24,0.758,0.394,144.107,0.0618,0.0954,0,0.575,182623,-5.029,0.493,0,1
276,13,5i6yEeebTUHNIDHGi4kdLF,Random,5i6yEeebTUHNIDHGi4kdLF,5p7ujcrUXASCNwRaWNHR1C,Without Me,Halsey,81,2018-10-04,0.488,0.0936,136.041,0.0705,0.297,9.11e-06,0.752,201661,-7.05,0.533,1,6
277,13,5i6yEeebTUHNIDHGi4kdLF,Random,5i6yEeebTUHNIDHGi4kdLF,5p7ujcrUXASCNwRaWNHR1C,Without Me,Halsey,81,2018-10-04,0.488,0.0936,136.041,0.0705,0.297,9.11e-06,0.752,201661,-7.05,0.533,1,6
278,13,5i6yEeebTUHNIDHGi4kdLF,Random,5i6yEeebTUHNIDHGi4kdLF,2P91MQbaiQOfbiz9VqhqKQ,I Like Me Better,Lauv,83,2018-05-31,0.505,0.104,91.97,0.253,0.535,2.55e-06,0.752,197437,-7.621,0.419,1,9
279,13,5i6yEeebTUHNIDHGi4kdLF,Random,5i6yEeebTUHNIDHGi4kdLF,5fKBwqSTuCbnJlCOpeRa3o,Sexual,NEIKED,65,2016,0.567,0.0705,108.024,0.0651,0.0692,0,0.797,188889,-7.503,0.843,1,2
280,13,5i6yEeebTUHNIDHGi4kdLF,Random,5i6yEeebTUHNIDHGi4kdLF,4kWO6O1BUXcZmaxitpVUwp,Jackie Chan,Tiësto,74,2018-05-18,0.834,0.0586,128.005,0.045,0.374,0,0.747,215760,-2.867,0.687,0,3
281,13,5i6yEeebTUHNIDHGi4kdLF,Random,5i6yEeebTUHNIDHGi4kdLF,5BIjJP1zlOa3iY65RSkXkr,Nevada (feat. Cozi Zuehlsdorff),Vicetone,0,2016-06-24,0.783,0.133,124.015,0.0324,0.299,0.000175,0.605,208562,-4.271,0.105,1,3
282,13,5i6yEeebTUHNIDHGi4kdLF,Random,5i6yEeebTUHNIDHGi4kdLF,222B3aljXx6fFwKmFjuBED,Woman Like Me (feat. Nicki Minaj),Little Mix,73,2018-11-16,0.854,0.0808,75.002,0.0608,0.177,0,0.754,229720,-3.449,0.8,0,5
283,13,5i6yEeebTUHNIDHGi4kdLF,Random,5i6yEeebTUHNIDHGi4kdLF,3u1S1OmAUhx5DRlLrXqyp3,Rise,Jonas Blue,72,2018-05-25,0.784,0.203,106.066,0.032,0.323,0,0.69,194408,-4.653,0.669,1,1
284,13,5i6yEeebTUHNIDHGi4kdLF,Random,5i6yEeebTUHNIDHGi4kdLF,7uoulrMQgFZFAIEpRPvewL,Sledgehammer,Fifth Harmony,36,2014,0.777,0.0783,99.98,0.046,0.0057,0.0011,0.671,230907,-4.322,0.289,1,2
285,13,5i6yEeebTUHNIDHGi4kdLF,Random,5i6yEeebTUHNIDHGi4kdLF,4tCtwWceOPWzenK2HAIJSb,Work from Home (feat. Ty Dolla $ign),Fifth Harmony,78,2016-05-27,0.585,0.0644,105.017,0.0432,0.103,3.94e-06,0.803,214480,-5.861,0.593,1,8
286,13,5i6yEeebTUHNIDHGi4kdLF,Random,5i6yEeebTUHNIDHGi4kdLF,60wwxj6Dd9NJlirf84wr2c,Clarity,Zedd,75,2012-01-01,0.781,0.0749,128.0,0.072,0.0398,0,0.509,271427,-3.48,0.176,1,8
287,13,5i6yEeebTUHNIDHGi4kdLF,Random,5i6yEeebTUHNIDHGi4kdLF,20axU6S5zq8dMpQBVZSCe3,Untameable,Rachel Varghese,26,2019-01-28,0.742,0.0784,169.757,0.0844,0.478,0,0.48,178588,-5.714,0.509,0,11
288,13,5i6yEeebTUHNIDHGi4kdLF,Random,5i6yEeebTUHNIDHGi4kdLF,65SgMuyu8DvMBzLcE1D0sP,I Don't Do Love Anymore,Medha Sahi,37,2019-01-28,0.234,0.14,129.509,0.0282,0.918,4.87e-06,0.59,166615,-8.82,0.353,1,2
289,13,5i6yEeebTUHNIDHGi4kdLF,Random,5i6yEeebTUHNIDHGi4kdLF,3tYI3GE47dvrqCvmrh1KYQ,Myself,Medha Sahi,37,2019-01-28,0.47,0.121,119.996,0.0289,0.521,0.0224,0.673,204750,-8.138,0.257,1,2
290,13,5i6yEeebTUHNIDHGi4kdLF,Random,5i6yEeebTUHNIDHGi4kdLF,3dz63QjQVZy7RYPzx6l3JU,Your Side Of The Bed (feat. Eric Nam),Loote,46,2018-06-22,0.764,0.294,109.919,0.0312,0.144,0,0.754,196160,-3.95,0.929,1,8
291,13,5i6yEeebTUHNIDHGi4kdLF,Random,5i6yEeebTUHNIDHGi4kdLF,3dz63QjQVZy7RYPzx6l3JU,Your Side Of The Bed (feat. Eric Nam),Loote,46,2018-06-22,0.764,0.294,109.919,0.0312,0.144,0,0.754,196160,-3.95,0.929,1,8
292,13,5i6yEeebTUHNIDHGi4kdLF,Random,5i6yEeebTUHNIDHGi4kdLF,01cqobPyx3edvUqwNKV503,Cross Me,Vibe2Vibe,10,2019-06-25,0.731,0.0705,94.998,0.199,0.232,0,0.809,210327,-8.487,0.681,0,8
293,13,5i6yEeebTUHNIDHGi4kdLF,Random,5i6yEeebTUHNIDHGi4kdLF,7dOeiXeTSfA1ixaYmQcWu7,Rich Love (with Seeb),OneRepublic,66,2017-07-14,0.872,0.362,104.592,0.314,0.167,0,0.401,201257,-3.641,0.472,0,1
294,13,5i6yEeebTUHNIDHGi4kdLF,Random,5i6yEeebTUHNIDHGi4kdLF,5NQJnRpJHRaupdegphntQT,Jealous - Remix,Nick Jonas,67,2015-11-20,0.71,0.444,93.007,0.0779,0.0132,0,0.684,222187,-3.614,0.451,0,11
295,13,5i6yEeebTUHNIDHGi4kdLF,Random,5i6yEeebTUHNIDHGi4kdLF,5NQJnRpJHRaupdegphntQT,Jealous - Remix,Nick Jonas,67,2015-11-20,0.71,0.444,93.007,0.0779,0.0132,0,0.684,222187,-3.614,0.451,0,11
296,13,5i6yEeebTUHNIDHGi4kdLF,Random,5i6yEeebTUHNIDHGi4kdLF,33DzKnwuBE6lfOiADwzd5E,TOOTIMETOOTIMETOOTIME,The 1975,64,2018-11-30,0.824,0.0933,114.998,0.0665,0.177,0.0152,0.667,207851,-5.867,0.518,1,8
297,13,5i6yEeebTUHNIDHGi4kdLF,Random,5i6yEeebTUHNIDHGi4kdLF,7shgdEooY9RdGuMM71SRax,You Don't Know Me,Kevin Silvester,8,2019-04-17,0.713,0.266,179.838,0.212,0.0319,0,0.421,239297,-5.476,0.319,1,11
298,13,5i6yEeebTUHNIDHGi4kdLF,Random,5i6yEeebTUHNIDHGi4kdLF,7shgdEooY9RdGuMM71SRax,You Don't Know Me,Kevin Silvester,8,2019-04-17,0.713,0.266,179.838,0.212,0.0319,0,0.421,239297,-5.476,0.319,1,11
299,13,5i6yEeebTUHNIDHGi4kdLF,Random,5i6yEeebTUHNIDHGi4kdLF,2QWP8NYYplOqEFBYGCcq0S,Rain,The Script,62,2017-09-01,0.586,0.356,93.02,0.107,0.241,0,0.689,209347,-7.61,0.611,1,6
300,13,5i6yEeebTUHNIDHGi4kdLF,Random,5i6yEeebTUHNIDHGi4kdLF,410smJMzhna1ADC2ldqVHu,Hoodie,Hey Violet,63,2017-06-16,0.699,0.391,94.935,0.0445,0.0126,6.16e-06,0.688,219183,-5.0,0.385,1,11
301,13,5i6yEeebTUHNIDHGi4kdLF,Random,5i6yEeebTUHNIDHGi4kdLF,5H9H0i7UCmRDCZRHldbmhN,Sucker for You,Matt Terry,55,2017-10-13,0.649,0.332,95.034,0.0691,0.223,0,0.876,203680,-4.369,0.742,1,0
302,13,5i6yEeebTUHNIDHGi4kdLF,Random,5i6yEeebTUHNIDHGi4kdLF,5H9H0i7UCmRDCZRHldbmhN,Sucker for You,Matt Terry,55,2017-10-13,0.649,0.332,95.034,0.0691,0.223,0,0.876,203680,-4.369,0.742,1,0
303,13,5i6yEeebTUHNIDHGi4kdLF,Random,5i6yEeebTUHNIDHGi4kdLF,4F7xiv8waD97haoBAlldPH,NIKES,Jake Miller,39,2019-06-28,0.754,0.442,120.001,0.0346,0.174,0,0.716,214300,-6.826,0.69,0,7
304,13,5i6yEeebTUHNIDHGi4kdLF,Random,5i6yEeebTUHNIDHGi4kdLF,10AsRVRdU07cMAFHeGYO3c,Solo Dance,Martin Jensen,70,2016-11-04,0.846,0.195,114.955,0.048,0.0485,0,0.746,174933,-2.432,0.403,1,9
305,13,5i6yEeebTUHNIDHGi4kdLF,Random,5i6yEeebTUHNIDHGi4kdLF,10AsRVRdU07cMAFHeGYO3c,Solo Dance,Martin Jensen,70,2016-11-04,0.846,0.195,114.955,0.048,0.0485,0,0.746,174933,-2.432,0.403,1,9
306,13,5i6yEeebTUHNIDHGi4kdLF,Random,5i6yEeebTUHNIDHGi4kdLF,0U6bQIAh6MCGo1xjbIIx2S,Instagram,Dimitri Vegas & Like Mike,73,2019-07-05,0.906,0.423,96.071,0.0965,0.125,0,0.765,184558,-2.097,0.95,0,8
307,13,5i6yEeebTUHNIDHGi4kdLF,Random,5i6yEeebTUHNIDHGi4kdLF,0U6bQIAh6MCGo1xjbIIx2S,Instagram,Dimitri Vegas & Like Mike,73,2019-07-05,0.906,0.423,96.071,0.0965,0.125,0,0.765,184558,-2.097,0.95,0,8
308,13,5i6yEeebTUHNIDHGi4kdLF,Random,5i6yEeebTUHNIDHGi4kdLF,7hzlzoOwCZ4D3Ow5YZK4kj,Insomnia,Daya,66,2019-03-08,0.653,0.383,123.084,0.0611,0.0944,0,0.754,179746,-5.095,0.379,1,7
309,13,5i6yEeebTUHNIDHGi4kdLF,Random,5i6yEeebTUHNIDHGi4kdLF,5N4erncE7kuUccm7zEmwzk,Electricity (with Dua Lipa),Silk City,75,2018-09-06,0.67,0.338,118.159,0.0473,0.0104,3.33e-06,0.588,238173,-6.439,0.505,1,0
310,13,5i6yEeebTUHNIDHGi4kdLF,Random,5i6yEeebTUHNIDHGi4kdLF,1LjxmkW3xRQP2HzswhYyyc,Let It Be Me,Steve Aoki,39,2019-09-06,0.758,0.106,114.098,0.0864,0.0797,0,0.661,224061,-5.299,0.387,1,7
311,13,5i6yEeebTUHNIDHGi4kdLF,Random,5i6yEeebTUHNIDHGi4kdLF,1LjxmkW3xRQP2HzswhYyyc,Let It Be Me,Steve Aoki,39,2019-09-06,0.758,0.106,114.098,0.0864,0.0797,0,0.661,224061,-5.299,0.387,1,7
312,13,5i6yEeebTUHNIDHGi4kdLF,Random,5i6yEeebTUHNIDHGi4kdLF,1MDuXjpO68UVjbBzrTL1Aq,Red Dress,MAGIC!,51,2016-07-01,0.795,0.203,135.978,0.0336,0.0887,0,0.653,200800,-4.477,0.803,1,10
313,13,5i6yEeebTUHNIDHGi4kdLF,Random,5i6yEeebTUHNIDHGi4kdLF,6h7MPC2hBJHJQuobsRXqwF,Devil Inside Me (feat. KARRA),KSHMR,54,2019-05-24,0.869,0.304,134.934,0.0622,0.00214,4.06e-06,0.56,189333,-4.587,0.177,0,6
314,13,5i6yEeebTUHNIDHGi4kdLF,Random,5i6yEeebTUHNIDHGi4kdLF,1iaLcGW8ffLMPFSLSGn0Zs,Symphony,Sick Individuals,56,2018-10-26,0.888,0.123,127.92,0.0603,0.0374,6.95e-05,0.612,202148,-3.796,0.189,1,3
315,13,5i6yEeebTUHNIDHGi4kdLF,Random,5i6yEeebTUHNIDHGi4kdLF,7k6tAZp4m93oswrPqSfBbc,On Me (feat. Ava Max),Thomas Rhett,73,2020-05-15,0.721,0.216,177.918,0.0472,0.0119,0,0.548,164683,-4.466,0.594,1,8
316,13,5i6yEeebTUHNIDHGi4kdLF,Random,5i6yEeebTUHNIDHGi4kdLF,7k6tAZp4m93oswrPqSfBbc,On Me (feat. Ava Max),Thomas Rhett,73,2020-05-15,0.721,0.216,177.918,0.0472,0.0119,0,0.548,164683,-4.466,0.594,1,8
317,13,5i6yEeebTUHNIDHGi4kdLF,Random,5i6yEeebTUHNIDHGi4kdLF,62hK2OalNLhutnAShdq8nS,I Want You to Freak,Rak-Su,49,2018-09-28,0.932,0.246,100.036,0.164,0.0145,0,0.645,188704,-3.129,0.451,0,4
318,13,5i6yEeebTUHNIDHGi4kdLF,Random,5i6yEeebTUHNIDHGi4kdLF,62hK2OalNLhutnAShdq8nS,I Want You to Freak,Rak-Su,49,2018-09-28,0.932,0.246,100.036,0.164,0.0145,0,0.645,188704,-3.129,0.451,0,4
319,13,5i6yEeebTUHNIDHGi4kdLF,Random,5i6yEeebTUHNIDHGi4kdLF,4oEwURnhoLurcwCXnWoMcI,La Bomba,Rak-Su,47,2019-11-08,0.713,0.271,121.985,0.128,0.0838,0,0.787,174901,-5.044,0.888,1,1
320,13,5i6yEeebTUHNIDHGi4kdLF,Random,5i6yEeebTUHNIDHGi4kdLF,2ak79ho44RiDi9DFrqYgfq,Bruised Not Broken (feat. MNEK & Kiana Ledé),Matoma,58,2019-06-14,0.573,0.324,110.006,0.0484,0.109,0,0.764,160909,-4.385,0.685,1,6
321,13,5i6yEeebTUHNIDHGi4kdLF,Random,5i6yEeebTUHNIDHGi4kdLF,2ak79ho44RiDi9DFrqYgfq,Bruised Not Broken (feat. MNEK & Kiana Ledé),Matoma,58,2019-06-14,0.573,0.324,110.006,0.0484,0.109,0,0.764,160909,-4.385,0.685,1,6
322,13,5i6yEeebTUHNIDHGi4kdLF,Random,5i6yEeebTUHNIDHGi4kdLF,2UcK3xgGDxPSyKzKqyPv0s,Girl in the Mirror,Bebe Rexha,65,2019-04-26,0.69,0.296,106.966,0.0352,0.0615,0,0.748,158066,-3.053,0.513,1,2
323,13,5i6yEeebTUHNIDHGi4kdLF,Random,5i6yEeebTUHNIDHGi4kdLF,2UcK3xgGDxPSyKzKqyPv0s,Girl in the Mirror,Bebe Rexha,65,2019-04-26,0.69,0.296,106.966,0.0352,0.0615,0,0.748,158066,-3.053,0.513,1,2
324,13,5i6yEeebTUHNIDHGi4kdLF,Random,5i6yEeebTUHNIDHGi4kdLF,2UcK3xgGDxPSyKzKqyPv0s,Girl in the Mirror,Bebe Rexha,65,2019-04-26,0.69,0.296,106.966,0.0352,0.0615,0,0.748,158066,-3.053,0.513,1,2
325,13,5i6yEeebTUHNIDHGi4kdLF,Random,5i6yEeebTUHNIDHGi4kdLF,5H6af60Y0yBIEzjfbAXLBq,Zurna,Blasterjaxx,49,2020-11-20,0.637,0.199,130.085,0.0365,0.0605,0.00315,0.584,166154,-3.151,0.0659,1,1
326,13,5i6yEeebTUHNIDHGi4kdLF,Random,5i6yEeebTUHNIDHGi4kdLF,5H6af60Y0yBIEzjfbAXLBq,Zurna,Blasterjaxx,49,2020-11-20,0.637,0.199,130.085,0.0365,0.0605,0.00315,0.584,166154,-3.151,0.0659,1,1
327,13,5i6yEeebTUHNIDHGi4kdLF,Random,5i6yEeebTUHNIDHGi4kdLF,2jGOQqWZKjy6A64kWIcdIs,"Like A Riddle (feat. Hearts & Colors, Adam Trigger)",Felix Jaehn,51,2018-02-16,0.722,0.117,109.992,0.0377,0.077,4.54e-06,0.809,179565,-4.953,0.538,1,7
328,13,5i6yEeebTUHNIDHGi4kdLF,Random,5i6yEeebTUHNIDHGi4kdLF,2jGOQqWZKjy6A64kWIcdIs,"Like A Riddle (feat. Hearts & Colors, Adam Trigger)",Felix Jaehn,51,2018-02-16,0.722,0.117,109.992,0.0377,0.077,4.54e-06,0.809,179565,-4.953,0.538,1,7
329,13,5i6yEeebTUHNIDHGi4kdLF,Random,5i6yEeebTUHNIDHGi4kdLF,2jGOQqWZKjy6A64kWIcdIs,"Like A Riddle (feat. Hearts & Colors, Adam Trigger)",Felix Jaehn,51,2018-02-16,0.722,0.117,109.992,0.0377,0.077,4.54e-06,0.809,179565,-4.953,0.538,1,7
330,13,5i6yEeebTUHNIDHGi4kdLF,Random,5i6yEeebTUHNIDHGi4kdLF,2jGOQqWZKjy6A64kWIcdIs,"Like A Riddle (feat. Hearts & Colors, Adam Trigger)",Felix Jaehn,51,2018-02-16,0.722,0.117,109.992,0.0377,0.077,4.54e-06,0.809,179565,-4.953,0.538,1,7
331,13,5i6yEeebTUHNIDHGi4kdLF,Random,5i6yEeebTUHNIDHGi4kdLF,3CC7fyeynJ2RVDUlUDPNXR,Everything About You (feat. your friend polly),Sam Feldt,56,2020-11-27,0.874,0.0697,111.973,0.0425,0.0718,0,0.74,178125,-2.832,0.447,1,6
332,13,5i6yEeebTUHNIDHGi4kdLF,Random,5i6yEeebTUHNIDHGi4kdLF,4o7zeDjEoPALOH9ZN483Oj,I'm Going Like,Hallman,56,2019-01-04,0.803,0.16,125.986,0.0368,0.0207,0.803,0.659,185681,-6.945,0.336,1,4
333,13,5i6yEeebTUHNIDHGi4kdLF,Random,5i6yEeebTUHNIDHGi4kdLF,4o7zeDjEoPALOH9ZN483Oj,I'm Going Like,Hallman,56,2019-01-04,0.803,0.16,125.986,0.0368,0.0207,0.803,0.659,185681,-6.945,0.336,1,4
334,13,5i6yEeebTUHNIDHGi4kdLF,Random,5i6yEeebTUHNIDHGi4kdLF,4o7zeDjEoPALOH9ZN483Oj,I'm Going Like,Hallman,56,2019-01-04,0.803,0.16,125.986,0.0368,0.0207,0.803,0.659,185681,-6.945,0.336,1,4
335,13,5i6yEeebTUHNIDHGi4kdLF,Random,5i6yEeebTUHNIDHGi4kdLF,3HTySujYyWa1nZdfiZVZs0,I Luv U (with R3HAB),Sofia Carson,58,2020-03-20,0.558,0.116,96.072,0.0641,0.0532,2.14e-05,0.875,150938,-6.164,0.44,1,1
336,13,5i6yEeebTUHNIDHGi4kdLF,Random,5i6yEeebTUHNIDHGi4kdLF,3HTySujYyWa1nZdfiZVZs0,I Luv U (with R3HAB),Sofia Carson,58,2020-03-20,0.558,0.116,96.072,0.0641,0.0532,2.14e-05,0.875,150938,-6.164,0.44,1,1
337,13,5i6yEeebTUHNIDHGi4kdLF,Random,5i6yEeebTUHNIDHGi4kdLF,3HTySujYyWa1nZdfiZVZs0,I Luv U (with R3HAB),Sofia Carson,58,2020-03-20,0.558,0.116,96.072,0.0641,0.0532,2.14e-05,0.875,150938,-6.164,0.44,1,1
338,13,5i6yEeebTUHNIDHGi4kdLF,Random,5i6yEeebTUHNIDHGi4kdLF,4j1fFJvUcQxMrLEMBHV9NQ,So Sick (feat. blackbear) [Martin Jensen Remix],Kiiara,60,2020-11-13,0.491,0.0689,121.984,0.0821,0.121,9.69e-06,0.803,165492,-7.196,0.589,1,6
339,13,5i6yEeebTUHNIDHGi4kdLF,Random,5i6yEeebTUHNIDHGi4kdLF,4j1fFJvUcQxMrLEMBHV9NQ,So Sick (feat. blackbear) [Martin Jensen Remix],Kiiara,60,2020-11-13,0.491,0.0689,121.984,0.0821,0.121,9.69e-06,0.803,165492,-7.196,0.589,1,6
340,13,5i6yEeebTUHNIDHGi4kdLF,Random,5i6yEeebTUHNIDHGi4kdLF,2dmZy75CTSv6BFo7IbO0eK,Mr. Saxobeat,Klaas,67,2020-02-21,0.889,0.24,127.012,0.127,0.0476,0.0336,0.638,151181,-5.276,0.511,0,11
341,13,5i6yEeebTUHNIDHGi4kdLF,Random,5i6yEeebTUHNIDHGi4kdLF,2dmZy75CTSv6BFo7IbO0eK,Mr. Saxobeat,Klaas,67,2020-02-21,0.889,0.24,127.012,0.127,0.0476,0.0336,0.638,151181,-5.276,0.511,0,11
