,list_name,song_id,song_name,artist,popularity,release_date,energy,liveness,tempo,speechiness,acousticness,instrumentalness,danceability,duration_ms,loudness,valence,mode,key
1,Chillax Dance Mix,2mCF8L0brIs88eH6Kf2h9p,Fast Car,Jonas Blue,68.0,2015-12-04,0.57,0.299,113.945,0.052,0.484,0.0,0.644,212424.0,-6.994,0.527,1.0,9.0
3,Chillax Dance Mix,2tnVG71enUj33Ic2nFN6kZ,Ride It,Regard,86.0,2019-07-26,0.751,0.106,117.948,0.0874,0.177,6.43e-05,0.88,157606.0,-4.258,0.884,0.0,7.0
4,Chillax Dance Mix,0vbtURX4qv1l7besfwmnD8,I Took A Pill In Ibiza - Seeb Remix,Mike Posner,77.0,2016-05-06,0.714,0.0843,101.969,0.111,0.0353,8.42e-06,0.664,197933.0,-6.645,0.71,0.0,7.0
5,Chillax Dance Mix,4WxU1gDVmoH6gstgR0MT78,Lean On,Major Lazer,42.0,2015-06-01,0.809,0.565,98.007,0.0625,0.00346,0.00123,0.723,176561.0,-3.081,0.274,0.0,7.0
6,Chillax Dance Mix,66wF9HWqR8RpQ47tiVQpgx,Last Hurrah - David Guetta Remix,Bebe Rexha,58.0,2019-04-19,0.712,0.21,91.033,0.0528,0.105,1.82e-06,0.683,191868.0,-6.954,0.59,0.0,11.0
7,Chillax Dance Mix,4GSDkZt7GcmzBWmsMcpaVO,Dancing In The Moonlight (feat. NEIMY),Jubël,77.0,2018-06-22,0.615,0.187,119.843,0.0644,0.27,0.0,0.659,164010.0,-5.865,0.193,0.0,11.0
8,Chillax Dance Mix,5c0lWlmIyCq7hzBhpZasYL,Weekend Vibe,Jubël,69.0,2021-01-15,0.742,0.186,110.026,0.0496,0.00912,1.37e-06,0.688,166909.0,-6.363,0.74,1.0,5.0
9,Chillax Dance Mix,2F83FxNVkK6PPMHuYnwyVc,Let It Be Me (feat. Ava Max),David Guetta,67.0,2018-09-14,0.529,0.181,102.048,0.0505,0.128,0.0,0.743,172933.0,-6.187,0.438,0.0,7.0
10,Chillax Dance Mix,3y3brCCecHC3Db18aIOnny,"Carry On (from the Original Motion Picture ""POKÉMON Detective Pikachu"")",Kygo,70.0,2019-04-19,0.705,0.131,121.799,0.079,0.381,0.000116,0.591,215316.0,-6.519,0.27,0.0,9.0
14,Chillax Dance Mix,2jGOQqWZKjy6A64kWIcdIs,"Like A Riddle (feat. Hearts & Colors, Adam Trigger)",Felix Jaehn,51.0,2018-02-16,0.722,0.117,109.992,0.0377,0.077,4.54e-06,0.809,179565.0,-4.953,0.538,1.0,7.0
15,Chillax Dance Mix,0m6M0TRGs7dOqZAryYcwiH,Hot2Touch,Felix Jaehn,62.0,2018-02-16,0.718,0.155,121.993,0.0404,0.000754,3.23e-05,0.751,160826.0,-5.289,0.854,0.0,1.0
16,Chillax Dance Mix,5riZ2wSbbVmLIj2xGcMOiD,Cheerleader - Felix Jaehn Remix / Radio Edit,OMI,14.0,2018-02-16,0.634,0.107,117.986,0.0328,0.16,9.81e-05,0.798,182160.0,-6.17,0.533,1.0,4.0
17,Chillax Dance Mix,7uM7YZwNZqdDMG0NfGhmux,"Jennie (feat. R. City, Bori)",Felix Jaehn,62.0,2018-02-16,0.798,0.0808,118.071,0.183,0.0856,0.0,0.799,184231.0,-5.407,0.594,1.0,11.0
18,Chillax Dance Mix,3c8iiZGfEammKJuWTErE5x,Ain't Nobody (Loves Me Better) (feat. Jasmine Thompson),Felix Jaehn,74.0,2018-02-16,0.566,0.0698,117.971,0.0311,0.672,0.000197,0.778,186147.0,-6.959,0.479,0.0,2.0
20,Chillax Dance Mix,2fCCoGXcA2j9fFhvfRqfVQ,Masterpiece,OMI,46.0,2018-08-17,0.623,0.0559,113.046,0.066,0.461,6.73e-05,0.854,180875.0,-5.39,0.822,1.0,2.0
21,Chillax Dance Mix,7FjZU7XFs7P9jHI9Z0yRhK,So Close,NOTD,74.0,2018-11-02,0.872,0.103,125.03,0.0666,0.121,7.08e-06,0.7,190302.0,-5.896,0.761,1.0,10.0
22,Chillax Dance Mix,73WJ6rYbtFi0Z2T4hPS1iN,Drink About,Seeb,56.0,2018-04-20,0.745,0.257,99.995,0.0649,0.147,0.0,0.629,182265.0,-2.936,0.496,1.0,6.0
23,Chillax Dance Mix,2r9hCNjupNy2C2g3r6SNz6,Strongest (Alan Walker Remix),Ina Wroldsen,67.0,2017-12-01,0.787,0.124,92.022,0.0734,0.0785,6.46e-06,0.722,210286.0,-4.013,0.852,1.0,0.0
24,Chillax Dance Mix,1ZLrDPgR7mvuTco3rQK8Pk,Way Back Home (feat. Conor Maynard) - Sam Feldt Edit,SHAUN,75.0,2018-12-21,0.747,0.219,105.943,0.0323,0.269,0.0,0.737,192453.0,-4.818,0.447,1.0,10.0
25,Chillax Dance Mix,4qu63nuBpdn0qHUHuObEj1,Leave Before You Love Me (with Jonas Brothers),Marshmello,71.0,2021-05-21,0.738,0.118,119.976,0.0403,0.00226,4.41e-06,0.721,154983.0,-4.77,0.637,1.0,7.0
26,Chillax Dance Mix,3DGar7krWlmrXRFHBcQF6z,Whenever (feat. Conor Maynard),Kris Kross Amsterdam,67.0,2018-06-22,0.765,0.231,109.989,0.0621,0.151,0.0,0.734,163636.0,-5.562,0.518,1.0,7.0
27,Motivation Mix,4QNpBfC0zvjKqPJcyqBy9W,"Give Me Everything (feat. Ne-Yo, Afrojack & Nayer)",Pitbull,81.0,2011-06-17,0.939,0.298,129.024,0.161,0.191,0.0,0.671,252307.0,-3.206,0.53,1.0,8.0
28,Motivation Mix,2bJvI42r8EF3wxjOuDav4r,Time of Our Lives,Pitbull,81.0,2014-11-21,0.802,0.694,124.022,0.0583,0.0921,0.0,0.721,229360.0,-5.797,0.724,1.0,1.0
30,Motivation Mix,0Hf4aIJpsN4Os2f0y0VqWl,Feel This Moment (feat. Christina Aguilera),Pitbull,77.0,2012,0.758,0.341,135.956,0.158,0.039,0.0,0.673,229507.0,-3.632,0.542,1.0,7.0
31,Motivation Mix,6KigD0mlF4VGDYiSEzAyYw,Fight Back,NEFFEX,76.0,2018-11-30,0.946,0.0825,139.943,0.261,0.094,6.63e-05,0.716,200571.0,-3.412,0.587,1.0,1.0
32,Motivation Mix,40YcuQysJ0KlGQTeGUosTC,"Me, Myself & I",G-Eazy,76.0,2015-12-04,0.674,0.158,111.995,0.0959,0.0184,0.0,0.756,251467.0,-6.518,0.389,0.0,0.0
33,Motivation Mix,0Oa9mHOnH14GZ4toWwkf4c,Good Life (with G-Eazy & Kehlani),G-Eazy,65.0,2017-03-17,0.778,0.0563,168.073,0.233,0.00638,0.0,0.572,225520.0,-5.208,0.54,1.0,1.0
34,Motivation Mix,4NctFqJyGAqurHFEUQvWgR,Stronger (feat. Kesha),Sam Feldt,71.0,2021-01-29,0.672,0.097,104.987,0.0436,0.36,0.0,0.648,173714.0,-7.902,0.435,1.0,1.0
36,Motivation Mix,01TuObJVd7owWchVRuQbQw,#thatPOWER,will.i.am,69.0,2013-01-01,0.608,0.0748,127.999,0.0584,0.00112,7.66e-05,0.797,279507.0,-6.096,0.402,0.0,6.0
37,Adventure,2bCBowfjQbsT6jXEqpGqDx,"Geronimo - From ""Alvin And The Chipmunks: The Road Chip"" Soundtrack",Sheppard,35.0,2015-12-11,0.763,0.138,142.037,0.0818,0.378,0.002,0.704,217653.0,-6.343,0.468,1.0,7.0
38,Adventure,0ct6r3EGTcMLPtrXHDvVjc,The Nights,Avicii,85.0,2014-01-01,0.835,0.249,125.983,0.0433,0.0166,0.0,0.527,176658.0,-5.298,0.654,1.0,6.0
39,Adventure,2qHiyBpxyOXnRGG3t2iE96,"Gone, Gone, Gone",Phillip Phillips,62.0,2012-01-01,0.642,0.114,118.002,0.038,0.129,0.0,0.664,209693.0,-5.961,0.501,1.0,6.0
40,Adventure,3IQF4xCQUPicbA4hWfTxPo,I Lived,OneRepublic,71.0,2013-01-01,0.851,0.271,119.987,0.0446,0.0683,0.0,0.593,234547.0,-5.456,0.344,1.0,9.0
41,Adventure,1obisQNOcikRvTdStbW3pG,Go Big Or Go Home,American Authors,61.0,2016-07-01,0.875,0.0897,122.008,0.0426,0.00939,0.0,0.665,169027.0,-4.272,0.66,1.0,1.0
43,HIIT,4DnKcKgI62poB2usPeVdkf,Sleep Deprived,Lvly,36.0,2019-01-11,0.937,0.13,128.043,0.0707,0.00392,0.000329,0.746,198529.0,-4.16,0.472,0.0,11.0
46,HIIT,2UcK3xgGDxPSyKzKqyPv0s,Girl in the Mirror,Bebe Rexha,65.0,2019-04-26,0.69,0.296,106.966,0.0352,0.0615,0.0,0.748,158066.0,-3.053,0.513,1.0,2.0
48,HIIT,3EO4XZNWf9CuOqYLsm32OJ,Bruised Not Broken (feat. MNEK & Kiana Ledé),Matoma,11.0,2019-08-02,0.573,0.324,110.006,0.0484,0.109,0.0,0.764,160909.0,-4.385,0.685,1.0,6.0
50,HIIT,6Tdy6tOHVEyBmlObZpGJJc,Beside You (feat. Georgia Ku),Matoma,59.0,2020-05-07,0.794,0.0664,123.02,0.0945,0.0801,0.0,0.634,176640.0,-6.363,0.67,1.0,6.0
51,HIIT,0NFzM7qIEu1LI4pHgP2hNy,Coming To Get You,Lvly,42.0,2019-01-11,0.786,0.114,99.982,0.0466,0.175,0.0,0.657,205225.0,-4.924,0.569,0.0,11.0
52,HIIT,1oIdcFtf58sZbS7QyZQJ2P,Run Free,Deep Chills,63.0,2017-08-18,0.69,0.414,100.002,0.0345,0.202,3.27e-06,0.727,170562.0,-4.559,0.699,1.0,7.0
55,HIIT,09IStsImFySgyp0pIQdqAc,The Middle,Zedd,82.0,2018-01-23,0.657,0.112,107.01,0.0449,0.171,0.0,0.753,184732.0,-3.061,0.437,1.0,7.0
57,HIIT,6llBOJ6HLHvlVnKeZqhXk8,Rumors,Jake Miller,58.0,2015-07-08,0.712,0.106,120.022,0.0465,0.134,0.0,0.883,186103.0,-4.769,0.825,0.0,1.0
59,HIIT,2vIkEXi009Hxc1K3oMsLqR,Bodytalk (STFU),Blasterjaxx,58.0,2020-12-18,0.808,0.22,140.055,0.0579,0.00307,0.0624,0.773,145821.0,-6.444,0.418,1.0,0.0
60,HIIT,0FJw1Pg9xXCxbcyQMI6GAe,My Way (Steve Aoki & Aloe Blacc),Steve Aoki,65.0,2020-12-23,0.82,0.134,169.895,0.0774,0.11,0.0,0.585,197647.0,-4.428,0.396,1.0,10.0
61,HIIT,03As1KdZnUfricQT09te8C,Gizmo,Syn Cole,54.0,2019-08-09,0.793,0.106,124.039,0.0336,0.23,0.237,0.788,191613.0,-3.568,0.752,1.0,7.0
63,HIIT,7zx1i0jGcFwMBurajgKlO7,Black Magic,Jonasu,64.0,2020-12-18,0.634,0.276,124.074,0.163,0.0564,0.0,0.812,174194.0,-4.96,0.463,1.0,8.0
66,HIIT,3HTySujYyWa1nZdfiZVZs0,I Luv U (with R3HAB),Sofia Carson,58.0,2020-03-20,0.558,0.116,96.072,0.0641,0.0532,2.14e-05,0.875,150938.0,-6.164,0.44,1.0,1.0
68,HIIT,4ZVSSE2JUJwsyTukDwjoT6,Sign,DEAMN,26.0,2018-02-13,0.903,0.217,108.914,0.0282,0.0247,0.00167,0.705,191560.0,-4.016,0.472,1.0,3.0
70,HIIT,4j1fFJvUcQxMrLEMBHV9NQ,So Sick (feat. blackbear) [Martin Jensen Remix],Kiiara,60.0,2020-11-13,0.491,0.0689,121.984,0.0821,0.121,9.69e-06,0.803,165492.0,-7.196,0.589,1.0,6.0
71,HIIT,4mxNQAc4gSzfHRhntP1b5E,Drive My Car,DEAMN,45.0,2018-02-13,0.834,0.253,104.97,0.0262,0.0998,0.0,0.668,196571.0,-3.694,0.56,1.0,5.0
74,HIIT,4o7zeDjEoPALOH9ZN483Oj,I'm Going Like,Hallman,56.0,2019-01-04,0.803,0.16,125.986,0.0368,0.0207,0.803,0.659,185681.0,-6.945,0.336,1.0,4.0
75,Hip-hop/Rap,49NWFeDYeNBx55vxxmwCQe,45 Man - Bonus Track,Rak-Su,14.0,2017-04-03,0.883,0.0818,140.058,0.276,0.0223,0.0,0.664,206530.0,-5.671,0.695,1.0,1.0
76,Hip-hop/Rap,38JE3O2HocFNvtljgtlNKv,Antidote - Radio Edit,Swedish House Mafia,54.0,2011-12-16,0.859,0.135,128.03,0.111,0.00645,0.0282,0.648,177250.0,-4.974,0.633,1.0,7.0
77,Hip-hop/Rap,5tC8ycFXQvYppqL8bzN0LU,You're Ma Cherie - DJ Antoine vs Mad Mark 2K13 Radio Edit,DJ Antoine,52.0,2013-01-25,0.675,0.424,127.931,0.287,0.0421,1.49e-05,0.754,191550.0,-4.728,0.832,0.0,5.0
78,Hip-hop/Rap,62zFEHfAYl5kdHYOivj4BC,International Love (feat. Chris Brown),Pitbull,75.0,2011-06-17,0.855,0.335,120.05,0.0499,0.0124,0.0,0.67,227280.0,-3.035,0.648,0.0,0.0
80,Hip-hop/Rap,0Hf4aIJpsN4Os2f0y0VqWl,Feel This Moment (feat. Christina Aguilera),Pitbull,77.0,2012,0.758,0.341,135.956,0.158,0.039,0.0,0.673,229507.0,-3.632,0.542,1.0,7.0
81,Hip-hop/Rap,5MLQWQRbUmx388EMW04YQY,Feelin' Myself,will.i.am,43.0,2013-01-01,0.533,0.138,96.453,0.156,0.0293,0.0,0.859,253547.0,-8.59,0.514,0.0,6.0
82,Jason derulo,6kex4EBAj0WHXDKZMEJaaF,Swalla (feat. Nicki Minaj & Ty Dolla $ign),Jason Derulo,76.0,2017-02-23,0.817,0.187,98.064,0.109,0.075,0.0,0.696,216409.0,-3.862,0.782,1.0,1.0
83,Jason derulo,4fINc8dnfcz7AdhFYVA4i7,It Girl,Jason Derulo,72.0,2011-09-16,0.718,0.104,91.993,0.0605,0.0165,0.0,0.668,192200.0,-4.736,0.345,0.0,1.0
84,Jason derulo,2z4pcBLQXF2BXKFvd0BuB6,Tip Toe (feat. French Montana),Jason Derulo,67.0,2017-11-10,0.709,0.094,98.062,0.0714,0.0233,0.0,0.845,187521.0,-4.547,0.62,0.0,10.0
85,Jason derulo,6zKrj4SomgfbvsfuTAuElE,Want to Want Me,Jason Derulo,42.0,2015-06-01,0.68,0.109,114.025,0.0629,0.00906,0.0,0.775,207719.0,-5.508,0.656,0.0,0.0
86,Jason derulo,5l3CML2OnzfNs5RfVgbcLt,Talk Dirty (feat. 2 Chainz),Jason Derulo,71.0,2013-09-10,0.652,0.307,100.315,0.232,0.0348,0.0,0.76,177685.0,-7.321,0.759,1.0,6.0
87,Jason derulo,5Xn4IyTtW6FUGIUyWjbUHG,Goodbye (feat. Nicki Minaj & Willy William),Jason Derulo,65.0,2018-08-24,0.904,0.189,103.028,0.0739,0.0776,0.0,0.643,195419.0,-3.694,0.481,1.0,0.0
88,Jason derulo,7yPcAO4F6ozQi6lTi3n3Ai,Talk with Your Body,Jason Derulo,39.0,2019-11-08,0.76,0.267,102.989,0.124,0.112,0.0,0.793,188750.0,-3.704,0.819,0.0,0.0
89,Jason derulo,5YHR8wBR5jXfGtP766NiAT,If It Ain't Love,Jason Derulo,60.0,2016-04-01,0.843,0.344,128.63,0.316,0.0487,0.0,0.503,203105.0,-4.991,0.778,0.0,10.0
90,Jason derulo,7iwhbx1YQcQ675DTj6AmAb,Mamacita (feat. Farruko),Jason Derulo,59.0,2019-07-05,0.787,0.0917,191.772,0.34,0.303,0.0,0.593,204064.0,-3.67,0.495,1.0,11.0
91,Jason derulo,6jizk5lOUnfpaZXYMdfeC6,Trumpets,Jason Derulo,68.0,2013-09-10,0.703,0.0962,81.897,0.236,0.563,0.0,0.627,217307.0,-4.884,0.64,1.0,0.0
92,Jason derulo,1EujTZPE2yBYbbwu2vWXvr,Bubblegum (feat. Tyga),Jason Derulo,49.0,2013-09-10,0.633,0.112,109.011,0.34,0.0718,0.0,0.856,205972.0,-6.429,0.77,0.0,11.0
93,Jason derulo,2SHsNfrHj4iDOVJuDwclPd,Let’s SHUT UP & DANCE,LAY,44.0,2019-02-22,0.893,0.0331,110.051,0.209,0.042,0.000271,0.765,208261.0,-2.891,0.715,0.0,6.0
94,Jason derulo,29QrzCnJ8r5aPamLBADZLx,Too Hot,Jason Derulo,56.0,2019-08-27,0.856,0.201,95.026,0.0722,0.0678,0.0,0.751,158053.0,-3.225,0.836,1.0,7.0
95,Jason derulo,1xQ6trAsedVPCdbtDAmk0c,Savage Love (Laxed - Siren Beat),Jawsh 685,85.0,2020-06-11,0.481,0.269,150.076,0.0803,0.234,0.0,0.767,171375.0,-8.52,0.761,0.0,0.0
96,Jason derulo,5DV4ZSCqbFv74ui3ZhimXo,Coño,Jason Derulo,72.0,2020-07-03,0.528,0.105,100.037,0.181,0.000554,0.0101,0.899,111852.0,-5.442,0.456,1.0,9.0
97,Jason derulo,59qrUpoplZxbIZxk6X0Bm3,Take You Dancing,Jason Derulo,85.0,2020-07-22,0.711,0.0876,112.985,0.041,0.0332,0.0,0.789,190306.0,-4.248,0.753,1.0,2.0
98,Jason derulo,2tUQhON1H3N4f6fwASEuyB,Don't Cry For Me (with Jason Derulo) - Acoustic,Alok,42.0,2020-08-07,0.441,0.168,104.031,0.0294,0.159,0.0,0.677,158000.0,-7.477,0.402,0.0,1.0
99,Jason derulo,4chrflBZTqRjZhOTp7zaXx,Don't Cry For Me (with Jason Derulo),Alok,43.0,2020-08-07,0.587,0.102,104.046,0.0466,0.105,0.0,0.69,155769.0,-6.53,0.278,0.0,1.0
100,Jason derulo,6eUncuJutsFi9BGO1JaBHh,If I'm Lucky,Jason Derulo,58.0,2017-08-31,0.634,0.0686,112.048,0.161,0.00413,0.0,0.897,212014.0,-6.264,0.506,0.0,4.0
101,Jason derulo,4Lt6GXGzYsa1tgkv3nGSTm,Love Not War (The Tampa Beat),Jason Derulo,83.0,2020-11-20,0.85,0.23,98.013,0.0642,0.105,0.0,0.738,192921.0,-3.049,0.865,1.0,8.0
102,Cringe,5j5dRrqFsVK47Ani6KfTFA,The Reason Why,JP Cooper,47.0,2019-10-24,0.73,0.13,188.996,0.344,0.116,0.0,0.38,186081.0,-4.581,0.467,1.0,10.0
103,Cringe,0oukMLKedsqQ3ltnI2daRO,Haaye Oye (feat. Ash King),QARAN,59.0,2019-03-22,0.727,0.153,123.959,0.0383,0.173,0.0,0.633,200029.0,-4.104,0.543,0.0,11.0
104,Cringe,0wsXdby1T3PWLauIkGUZzg,Hula Hoop,OMI,63.0,2015-10-16,0.842,0.294,121.986,0.039,0.0248,0.0,0.673,205474.0,-4.666,0.509,1.0,1.0
106,Cringe,2fCCoGXcA2j9fFhvfRqfVQ,Masterpiece,OMI,46.0,2018-08-17,0.623,0.0559,113.046,0.066,0.461,6.73e-05,0.854,180875.0,-5.39,0.822,1.0,2.0
107,Cringe,6ayTAnEwP3Yo4DOjLsN5r2,Hola (feat. Maluma),Flo Rida,56.0,2017-11-17,0.711,0.11,113.026,0.0769,0.0207,3.04e-05,0.757,192377.0,-5.693,0.649,1.0,8.0
108,Cringe,3NLnwwAQbbFKcEcV8hDItk,Perfect,One Direction,76.0,2015-11-13,0.823,0.119,99.933,0.0762,0.0598,0.0,0.647,230333.0,-5.231,0.396,1.0,2.0
110,Cringe,7k6tAZp4m93oswrPqSfBbc,On Me (feat. Ava Max),Thomas Rhett,73.0,2020-05-15,0.721,0.216,177.918,0.0472,0.0119,0.0,0.548,164683.0,-4.466,0.594,1.0,8.0
111,Cringe,30MM5jWpUmOxtTNd9Ey5LZ,Unforgettable,Thomas Rhett,70.0,2017-09-08,0.75,0.0849,130.077,0.0314,0.0303,0.000132,0.661,157080.0,-5.497,0.828,1.0,7.0
112,Cringe,6fQcqEcXfnY0L6VwS0c3gT,Cheerleader (Felix Jaehn Remix) - Radio Edit,OMI,62.0,2014-12-02,0.576,0.0656,118.04,0.0372,0.184,0.029,0.827,180021.0,-7.774,0.41,1.0,4.0
113,Cringe,6IuVmxZtP3h5wvErFpDcVR,Bedroom Floor,Liam Payne,59.0,2019-12-06,0.684,0.107,119.932,0.0687,0.342,6.37e-05,0.625,188234.0,-7.147,0.217,1.0,1.0
114,Cringe,4qjLvvBh5ZeKEPyShKRf06,Narcissist (feat. The 1975),No Rome,65.0,2018-08-28,0.682,0.085,179.969,0.113,0.218,1.53e-06,0.543,195502.0,-5.81,0.424,1.0,3.0
115,Cringe,6J6e0hfRgT1sh3MBEdzIzD,Left to Right,Marteen,50.0,2018-02-23,0.615,0.139,102.977,0.0379,0.0468,4.16e-06,0.829,190589.0,-3.78,0.841,0.0,5.0
117,Cringe,5H9H0i7UCmRDCZRHldbmhN,Sucker for You,Matt Terry,55.0,2017-10-13,0.649,0.332,95.034,0.0691,0.223,0.0,0.876,203680.0,-4.369,0.742,1.0,0.0
118,Cringe,73yXwQg9RzpkoTr2vIvMIh,Rose Coloured Glasses,Lvly,20.0,2019-01-11,0.579,0.127,100.166,0.12,0.211,0.0,0.704,203000.0,-4.838,0.601,1.0,7.0
119,Cringe,6XnikZPkb059iYTuCjZt1X,Roller Coaster,OMI,46.0,2020-11-13,0.797,0.0975,115.012,0.0315,0.278,0.0,0.698,196302.0,-5.147,0.859,1.0,0.0
123,Cringe,2jGOQqWZKjy6A64kWIcdIs,"Like A Riddle (feat. Hearts & Colors, Adam Trigger)",Felix Jaehn,51.0,2018-02-16,0.722,0.117,109.992,0.0377,0.077,4.54e-06,0.809,179565.0,-4.953,0.538,1.0,7.0
124,Halsey inducing palsey,5k38wzpLb15YgncyWdTZE4,Him & I (with Halsey),G-Eazy,76.0,2017-12-15,0.731,0.308,87.908,0.0868,0.0534,0.0,0.589,268867.0,-6.343,0.191,1.0,2.0
125,Halsey inducing palsey,1TnUURhehaoMWKAqQtirm6,Colors,Halsey,69.0,2015-08-28,0.812,0.092,100.02,0.0617,0.0534,0.0,0.512,249500.0,-4.809,0.521,1.0,1.0
126,Halsey inducing palsey,7y9iMe8SOB6z3NoHE2OfXl,Bad At Love,Halsey,74.0,2017-06-02,0.751,0.0893,118.384,0.0296,0.0604,0.0,0.675,181279.0,-3.539,0.612,1.0,0.0
127,Halsey inducing palsey,6s8PRmROPJHlqZmu9Bbviz,Roman Holiday,Halsey,55.0,2015-08-28,0.836,0.105,74.473,0.0395,0.0322,2.34e-05,0.431,201549.0,-4.428,0.75,1.0,5.0
128,Halsey inducing palsey,16w8ZGVSjI4TlTLV8VimBY,Castle,Halsey,68.0,2015-08-28,0.571,0.0946,129.959,0.0327,0.25,0.0,0.626,277623.0,-7.461,0.164,0.0,7.0
129,Halsey inducing palsey,5KawlOMHjWeUjQtnuRs22c,Boy With Luv (feat. Halsey),BTS,83.0,2019-04-12,0.862,0.192,119.991,0.0965,0.0923,0.0,0.645,229773.0,-4.757,0.798,0.0,11.0
130,Halsey inducing palsey,7i2DJ88J7jQ8K7zqFX2fW8,Now Or Never,Halsey,68.0,2017-06-02,0.585,0.131,110.03,0.0354,0.107,1.11e-06,0.67,214802.0,-4.861,0.447,0.0,6.0
133,Halsey inducing palsey,7BKLCZ1jbUBVqRi2FVlTVw,Closer,The Chainsmokers,85.0,2016-07-29,0.524,0.111,95.01,0.0338,0.414,0.0,0.748,244960.0,-5.599,0.661,1.0,8.0
134,Halsey inducing palsey,2IO7yf562c1zLzpanal1DT,Gasoline,Halsey,73.0,2015-08-28,0.58,0.129,119.997,0.0399,0.223,0.0,0.731,199593.0,-7.328,0.319,0.0,10.0
135,Halsey inducing palsey,7ozvM98YyrdyOBh1lItVHc,clementine,Halsey,55.0,2019-09-29,0.437,0.106,143.263,0.162,0.885,0.0,0.533,234411.0,-7.659,0.48,0.0,3.0
136,Halsey inducing palsey,0d2iYfpKoM0QCKvcLCkBao,Eastside (with Halsey & Khalid),benny blanco,78.0,2018-07-12,0.68,0.116,89.391,0.321,0.555,0.0,0.56,173800.0,-7.648,0.319,0.0,6.0
137,Halsey inducing palsey,6V9fHiv84WlVTg7CSnIVY2,Graveyard,Halsey,12.0,2019-09-13,0.583,0.181,92.043,0.0747,0.231,4.48e-05,0.667,181806.0,-5.127,0.187,0.0,11.0
139,Halsey inducing palsey,5p7ujcrUXASCNwRaWNHR1C,Without Me,Halsey,81.0,2018-10-04,0.488,0.0936,136.041,0.0705,0.297,9.11e-06,0.752,201661.0,-7.05,0.533,1.0,6.0
140,Halsey inducing palsey,44n97yHySt0Z9rqPaXgjCK,Sorry,Halsey,76.0,2017-06-02,0.25,0.117,74.103,0.0367,0.913,0.0,0.513,220541.0,-9.376,0.351,0.0,5.0
141,Halsey inducing palsey,2usxQITOSDqvkYiI0oIwao,You should be sad,Halsey,0.0,2020-01-10,0.585,0.109,110.94,0.0277,0.143,0.0,0.591,205473.0,-6.35,0.324,1.0,2.0
142,Yash ke gaane,1emx944EiuTphS9qv5mslc,Tears In Heaven,Boyce Avenue,50.0,2015-04-28,0.0926,0.112,77.934,0.0307,0.921,0.0,0.748,280652.0,-11.531,0.327,1.0,8.0
143,Yash ke gaane,2jdAk8ATWIL3dwT47XpRfu,Slow Dancing in a Burning Room,John Mayer,74.0,2006-09-11,0.361,0.0805,134.018,0.0273,0.575,0.00506,0.667,242000.0,-8.69,0.29,0.0,1.0
144,Yash ke gaane,6CKoWCWAqEVWVjpeoJXyNH,Shape Of My Heart,Sting,72.0,1993-03-09,0.373,0.083,83.936,0.0331,0.691,0.000915,0.537,279227.0,-10.081,0.244,0.0,6.0
145,Yash ke gaane,1YYhDizHx7PnDhAhko6cDS,"Take Me Home, Country Roads",John Denver,70.0,1971,0.395,0.121,82.259,0.0264,0.758,0.0,0.462,190160.0,-9.376,0.625,1.0,9.0
146,Yash ke gaane,1g2tPIP5isX44SNeDeqLsz,On A Day Like Today,Bryan Adams,38.0,1998-01-01,0.555,0.366,82.041,0.0257,0.102,0.0,0.475,208733.0,-8.693,0.36,1.0,7.0
147,Yash ke gaane,1OQpTtcuAauAqp5Okxtbs2,Summer Of '69 - MTV Unplugged Version,Bryan Adams,58.0,1997-01-01,0.598,0.977,141.11,0.031,0.331,0.0,0.469,241760.0,-7.791,0.419,1.0,9.0
148,Yash ke gaane,6zeE5tKyr8Nu882DQhhSQI,Dust in the Wind,Kansas,77.0,1977,0.322,0.11,93.503,0.0283,0.367,0.00056,0.475,206267.0,-10.687,0.387,1.0,7.0
149,Cyrus ne suggest kia,7stcuQtnHL7C6XdPvpwywv,Vertigo,Khalid,61.0,2018-10-19,0.458,0.117,115.989,0.0371,0.552,0.0257,0.487,270413.0,-7.761,0.207,0.0,4.0
150,Cyrus ne suggest kia,2kAIpGWnlFLQh48iut6Zzq,Free Spirit,Khalid,73.0,2019-04-05,0.446,0.111,139.994,0.0332,0.308,0.00077,0.627,182080.0,-9.477,0.11,0.0,2.0
151,Cyrus ne suggest kia,1fHRzxbts9A8J1ergDe7Kz,Saturday Nights,Khalid,65.0,2019-04-05,0.37,0.0986,83.162,0.0841,0.634,9.4e-05,0.574,211627.0,-10.803,0.354,1.0,10.0
152,Cyrus ne suggest kia,6l1VsKiMyaUWElFrM1rsuu,Saansein,Prateek Kuhad,55.0,2018-07-13,0.518,0.138,128.041,0.0282,0.653,0.531,0.693,266042.0,-9.146,0.374,1.0,1.0
153,Beats/EDM,1BwlamEsFRvFgnXAZNJFQA,"Khalifa (From ""Lekar Hum Deewana Dil"")",A.R. Rahman,12.0,2014-06-03,0.886,0.108,120.016,0.0525,0.0212,2.16e-05,0.694,303598.0,-5.133,0.623,1.0,7.0
154,Beats/EDM,22WubMzx5mkCAHZHvInkpH,Lalla Lalla Lori,Vishal Dadlani,37.0,2015-04-29,0.895,0.104,124.95,0.0453,0.0947,0.0,0.638,257050.0,-3.255,0.729,0.0,8.0
155,Beats/EDM,02itaCXOdC54J0ISjqqFAp,All Around The World (La La La),R3HAB,77.0,2019-04-05,0.859,0.105,124.948,0.033,0.479,0.0645,0.733,147840.0,-5.03,0.52,0.0,9.0
157,Beats/EDM,6PkzXU8dlwtfrwyTlUyVnv,Show Me Love - EDX Remix / Radio Edit,Sam Feldt,67.0,2015-06-14,0.659,0.0704,121.022,0.0677,0.297,0.000811,0.832,180336.0,-5.831,0.712,1.0,0.0
158,Beats/EDM,4499ZyhJG8CSNakFvUlQcz,Give Me Your Hand (Best Song Ever),The Ready Set,0.0,2014-05-27,0.889,0.685,125.998,0.0462,0.0466,0.0,0.69,228093.0,-3.279,0.892,1.0,6.0
160,Beats/EDM,7shgdEooY9RdGuMM71SRax,You Don't Know Me,Kevin Silvester,8.0,2019-04-17,0.713,0.266,179.838,0.212,0.0319,0.0,0.421,239297.0,-5.476,0.319,1.0,11.0
161,Beats/EDM,51m9UJSULSzzpiJ1pTitgS,On Your Mind,Kevin Silvester,0.0,2019-06-21,0.776,0.16,80.001,0.0583,0.0101,0.0,0.567,226055.0,-4.696,0.356,1.0,9.0
163,Beats/EDM,3dz63QjQVZy7RYPzx6l3JU,Your Side Of The Bed (feat. Eric Nam),Loote,46.0,2018-06-22,0.764,0.294,109.919,0.0312,0.144,0.0,0.754,196160.0,-3.95,0.929,1.0,8.0
164,Beats/EDM,23FHa9lYnG6Dr8OzombPkS,Roots,Valerie Broussard,37.0,2019-08-16,0.783,0.177,122.998,0.037,0.0653,1.35e-05,0.683,184564.0,-4.879,0.583,1.0,7.0
167,Beats/EDM,7BKLCZ1jbUBVqRi2FVlTVw,Closer,The Chainsmokers,85.0,2016-07-29,0.524,0.111,95.01,0.0338,0.414,0.0,0.748,244960.0,-5.599,0.661,1.0,8.0
169,Beats/EDM,2CPqh63wRVscbceKcPxwvv,The Ocean (feat. Shy Martin),Mike Perry,73.0,2016-04-15,0.575,0.104,90.037,0.029,0.0225,1.81e-06,0.632,183414.0,-6.478,0.188,1.0,5.0
172,Beats/EDM,09IStsImFySgyp0pIQdqAc,The Middle,Zedd,82.0,2018-01-23,0.657,0.112,107.01,0.0449,0.171,0.0,0.753,184732.0,-3.061,0.437,1.0,7.0
174,Beats/EDM,0M0FvSNRZmDz0Z769rewlI,Fire In My Soul,Oliver Heldens,62.0,2018-10-26,0.977,0.0703,126.178,0.312,0.206,0.000103,0.592,175254.0,-3.389,0.496,1.0,6.0
175,Beats/EDM,6wo37KVqFJhtuxPTpLCcfe,Takeaway (feat. Lennon Stella),The Chainsmokers,3.0,2019-07-24,0.505,0.0977,85.332,0.042,0.12,0.0,0.294,209893.0,-8.106,0.357,1.0,3.0
176,Beats/EDM,3FWPoYBDserKdzcattMFGa,Roses (feat. ROZES),The Chainsmokers,61.0,2015-10-23,0.808,0.225,100.033,0.0473,0.0299,0.00414,0.718,225813.0,-7.652,0.309,1.0,4.0
177,Beats/EDM,4TyroqnSj0YkpZ9rf2Skq7,Collide,Jake Miller,0.0,2013-11-05,0.683,0.0679,127.937,0.0518,0.0122,0.00011,0.564,215587.0,-7.754,0.188,1.0,9.0
178,Beats/EDM,4G6A1vrOJC6pUwBhxfoSQS,Can't Help Myself,Jake Miller,44.0,2017-06-16,0.615,0.109,76.53,0.0506,0.209,0.0,0.656,210000.0,-5.562,0.732,1.0,1.0
181,Beats/EDM,0U6bQIAh6MCGo1xjbIIx2S,Instagram,Dimitri Vegas & Like Mike,73.0,2019-07-05,0.906,0.423,96.071,0.0965,0.125,0.0,0.765,184558.0,-2.097,0.95,0.0,8.0
183,Beats/EDM,10AsRVRdU07cMAFHeGYO3c,Solo Dance,Martin Jensen,70.0,2016-11-04,0.846,0.195,114.955,0.048,0.0485,0.0,0.746,174933.0,-2.432,0.403,1.0,9.0
185,Beats/EDM,5NQJnRpJHRaupdegphntQT,Jealous - Remix,Nick Jonas,67.0,2015-11-20,0.71,0.444,93.007,0.0779,0.0132,0.0,0.684,222187.0,-3.614,0.451,0.0,11.0
186,Beats/EDM,3JfWag2CDEnst8uzV6nxvT,Get Wet - Radio Edit by Fly Records,Fly Project,10.0,2017-07-11,0.649,0.188,87.949,0.0981,0.0109,0.0,0.74,169091.0,-5.871,0.698,1.0,9.0
188,Beats/EDM,1LjxmkW3xRQP2HzswhYyyc,Let It Be Me,Steve Aoki,39.0,2019-09-06,0.758,0.106,114.098,0.0864,0.0797,0.0,0.661,224061.0,-5.299,0.387,1.0,7.0
189,Beats/EDM,3biFdxByHgUhTbp2dG89zK,Dance Like We're Making Love,Ciara,54.0,2015-05-04,0.541,0.165,96.046,0.0659,0.063,4.47e-06,0.721,256600.0,-8.623,0.263,0.0,7.0
190,Beats/EDM,0GRoERSBBky3YgdKW2w2Vc,Brave,Don Diablo,61.0,2019-04-26,0.874,0.134,119.85,0.0543,0.169,1.77e-06,0.654,184027.0,-3.885,0.542,1.0,6.0
191,Beats/EDM,6PqUdUGS4h5aGY7YyEGXr8,All The Lies,Alok,64.0,2019-03-15,0.835,0.107,102.023,0.139,0.167,0.0,0.611,179457.0,-4.107,0.672,1.0,6.0
192,Beats/EDM,30eirMgaGW0OpA3Yi8U4bL,I Still Remember (R3HAB Remix),Caroline Romano,39.0,2020-05-14,0.577,0.642,124.002,0.0694,0.19,0.0,0.774,171774.0,-8.009,0.636,0.0,7.0
194,Beats/EDM,62hK2OalNLhutnAShdq8nS,I Want You to Freak,Rak-Su,49.0,2018-09-28,0.932,0.246,100.036,0.164,0.0145,0.0,0.645,188704.0,-3.129,0.451,0.0,4.0
195,Beats/EDM,36orMWv2PgvnzXsd5CJ0yL,Post Malone (feat. RANI),Sam Feldt,71.0,2019-08-16,0.642,0.105,107.356,0.122,0.0771,0.0,0.59,174444.0,-3.87,0.651,1.0,7.0
199,Beats/EDM,01TuObJVd7owWchVRuQbQw,#thatPOWER,will.i.am,69.0,2013-01-01,0.608,0.0748,127.999,0.0584,0.00112,7.66e-05,0.797,279507.0,-6.096,0.402,0.0,6.0
200,Beats/EDM,1HZ5LJMCzClg2pdomCnEPw,Dynamite - EDM Remix,BTS,0.0,2020-08-24,0.838,0.0961,122.985,0.0599,0.0019,0.444,0.707,198939.0,-4.732,0.318,0.0,1.0
201,Beats/EDM,7jqXDgGWkV4w2ctdb2g59o,At Least I Had Fun,Martin Jensen,69.0,2020-08-14,0.706,0.0536,116.032,0.0382,0.198,0.0,0.794,170614.0,-6.066,0.908,0.0,5.0
202,Beats/EDM,39umHdGKfpnjY4TFtnoQ51,Too Much (feat. Usher),Marshmello,73.0,2020-10-23,0.891,0.258,126.012,0.0401,0.00415,0.0,0.712,165704.0,-2.76,0.735,0.0,6.0
203,Beats/EDM,6IiCb4PCrDgqLuDWgHhFi7,Inside Out (feat. Griff),Zedd,68.0,2020-10-23,0.683,0.109,146.058,0.0434,0.169,0.0,0.64,186245.0,-4.309,0.4,1.0,2.0
204,Beats/EDM,5vcWofxLx9TMEpmGsJHiMT,Instant Moments,Firebeatz,32.0,2020-10-23,0.778,0.116,128.012,0.0404,0.000773,0.834,0.675,168750.0,-10.279,0.347,0.0,11.0
205,Beats/EDM,43XVdVydjpHCCGMrsjc785,Post Malone (feat. RANI) - Joe Stone Remix,Sam Feldt,56.0,2019-08-16,0.879,0.226,125.985,0.231,0.223,0.00214,0.721,173333.0,-2.191,0.653,1.0,7.0
207,Beats/EDM,4DnKcKgI62poB2usPeVdkf,Sleep Deprived,Lvly,36.0,2019-01-11,0.937,0.13,128.043,0.0707,0.00392,0.000329,0.746,198529.0,-4.16,0.472,0.0,11.0
210,Beats/EDM,2UcK3xgGDxPSyKzKqyPv0s,Girl in the Mirror,Bebe Rexha,65.0,2019-04-26,0.69,0.296,106.966,0.0352,0.0615,0.0,0.748,158066.0,-3.053,0.513,1.0,2.0
212,Beats/EDM,3EO4XZNWf9CuOqYLsm32OJ,Bruised Not Broken (feat. MNEK & Kiana Ledé),Matoma,11.0,2019-08-02,0.573,0.324,110.006,0.0484,0.109,0.0,0.764,160909.0,-4.385,0.685,1.0,6.0
214,Beats/EDM,6Tdy6tOHVEyBmlObZpGJJc,Beside You (feat. Georgia Ku),Matoma,59.0,2020-05-07,0.794,0.0664,123.02,0.0945,0.0801,0.0,0.634,176640.0,-6.363,0.67,1.0,6.0
216,Beats/EDM,6llBOJ6HLHvlVnKeZqhXk8,Rumors,Jake Miller,58.0,2015-07-08,0.712,0.106,120.022,0.0465,0.134,0.0,0.883,186103.0,-4.769,0.825,0.0,1.0
218,Beats/EDM,5H6af60Y0yBIEzjfbAXLBq,Zurna,Blasterjaxx,49.0,2020-11-20,0.637,0.199,130.085,0.0365,0.0605,0.00315,0.584,166154.0,-3.151,0.0659,1.0,1.0
222,Beats/EDM,2jGOQqWZKjy6A64kWIcdIs,"Like A Riddle (feat. Hearts & Colors, Adam Trigger)",Felix Jaehn,51.0,2018-02-16,0.722,0.117,109.992,0.0377,0.077,4.54e-06,0.809,179565.0,-4.953,0.538,1.0,7.0
224,Beats/EDM,2vIkEXi009Hxc1K3oMsLqR,Bodytalk (STFU),Blasterjaxx,58.0,2020-12-18,0.808,0.22,140.055,0.0579,0.00307,0.0624,0.773,145821.0,-6.444,0.418,1.0,0.0
225,Beats/EDM,7x74XLYJqptDCmY4y3FaVh,My Head & My Heart - Jonas Blue Remix,Ava Max,70.0,2020-12-10,0.899,0.298,123.034,0.0391,0.0025,8.33e-05,0.675,179512.0,-4.787,0.344,0.0,9.0
228,Beats/EDM,4o7zeDjEoPALOH9ZN483Oj,I'm Going Like,Hallman,56.0,2019-01-04,0.803,0.16,125.986,0.0368,0.0207,0.803,0.659,185681.0,-6.945,0.336,1.0,4.0
230,Beats/EDM,7zx1i0jGcFwMBurajgKlO7,Black Magic,Jonasu,64.0,2020-12-18,0.634,0.276,124.074,0.163,0.0564,0.0,0.812,174194.0,-4.96,0.463,1.0,8.0
231,Beats/EDM,2xbRwcylUnX881qaqf5ZZJ,Freak - Joe Stone 2K18 Edit,R3HAB,62.0,2018-12-21,0.855,0.502,125.943,0.236,0.222,0.0,0.666,177143.0,-5.318,0.769,0.0,11.0
232,Beats/EDM,0HJ7K7uauPS05UqWUkIxGM,Let Me Love You - DAZZ Remix,CALVO,61.0,2019-04-12,0.88,0.0733,123.416,0.0712,0.0183,0.0,0.406,160749.0,-5.564,0.383,1.0,5.0
233,Beats/EDM,1xK7enJZVdv37fnnxoZlPq,With You,Kaskade,66.0,2019-06-14,0.921,0.19,172.191,0.486,0.123,0.0,0.362,180840.0,-3.815,0.529,0.0,1.0
236,Beats/EDM,3HTySujYyWa1nZdfiZVZs0,I Luv U (with R3HAB),Sofia Carson,58.0,2020-03-20,0.558,0.116,96.072,0.0641,0.0532,2.14e-05,0.875,150938.0,-6.164,0.44,1.0,1.0
238,Beats/EDM,4ZVSSE2JUJwsyTukDwjoT6,Sign,DEAMN,26.0,2018-02-13,0.903,0.217,108.914,0.0282,0.0247,0.00167,0.705,191560.0,-4.016,0.472,1.0,3.0
240,Beats/EDM,2tnVG71enUj33Ic2nFN6kZ,Ride It,Regard,86.0,2019-07-26,0.751,0.106,117.948,0.0874,0.177,6.43e-05,0.88,157606.0,-4.258,0.884,0.0,7.0
242,Beats/EDM,2dmZy75CTSv6BFo7IbO0eK,Mr. Saxobeat,Klaas,67.0,2020-02-21,0.889,0.24,127.012,0.127,0.0476,0.0336,0.638,151181.0,-5.276,0.511,0.0,11.0
243,Beats/EDM,7N06jo3EnV792VFaG8vuW6,Close Your Eyes,Felix Jaehn,75.0,2019-11-22,0.823,0.133,128.136,0.2,0.0663,1.17e-05,0.818,160794.0,-3.563,0.52,0.0,11.0
245,Random,2CPqh63wRVscbceKcPxwvv,The Ocean (feat. Shy Martin),Mike Perry,73.0,2016-04-15,0.575,0.104,90.037,0.029,0.0225,1.81e-06,0.632,183414.0,-6.478,0.188,1.0,5.0
248,Random,09IStsImFySgyp0pIQdqAc,The Middle,Zedd,82.0,2018-01-23,0.657,0.112,107.01,0.0449,0.171,0.0,0.753,184732.0,-3.061,0.437,1.0,7.0
249,Random,3Uoe0ZdEy9lLrXj1HhXx9H,Fast Car,Jonas Blue,0.0,2018-11-09,0.578,0.312,113.945,0.0569,0.469,0.0,0.672,212424.0,-6.621,0.548,1.0,9.0
252,Random,7BKLCZ1jbUBVqRi2FVlTVw,Closer,The Chainsmokers,85.0,2016-07-29,0.524,0.111,95.01,0.0338,0.414,0.0,0.748,244960.0,-5.599,0.661,1.0,8.0
253,Random,23L5CiUhw2jV1OIMwthR3S,In the Name of Love,Martin Garrix,78.0,2016-07-29,0.519,0.454,133.99,0.0409,0.109,0.0,0.501,195707.0,-5.88,0.168,0.0,4.0
254,Random,3G2O60rq5a77GEIwK1mVmh,Make Me Yours,Borgeous,50.0,2018-07-20,0.615,0.124,127.904,0.0395,0.0124,1.33e-06,0.577,195239.0,-6.084,0.174,0.0,7.0
255,Random,0dXNQ8dckG4eYfEtq9zcva,All Night,The Vamps,76.0,2017-07-14,0.804,0.33,144.992,0.0358,0.0041,0.0,0.538,197640.0,-5.194,0.507,1.0,8.0
257,Random,0M0FvSNRZmDz0Z769rewlI,Fire In My Soul,Oliver Heldens,62.0,2018-10-26,0.977,0.0703,126.178,0.312,0.206,0.000103,0.592,175254.0,-3.389,0.496,1.0,6.0
258,Random,6h5PAsRni4IRlxWr6uDPTP,More Than You Know,Axwell /\ Ingrosso,80.0,2017-07-28,0.741,0.312,123.077,0.034,0.0275,0.0,0.646,203000.0,-4.973,0.571,0.0,5.0
259,Random,2rizacJSyD9S1IQUxUxnsK,All We Know,The Chainsmokers,69.0,2016-09-29,0.586,0.115,90.0,0.0307,0.097,0.00272,0.662,194080.0,-8.821,0.296,1.0,0.0
260,Random,2Hi2tWANUXtd1URtLYgwne,All Night - Acoustic,The Vamps,50.0,2017-08-04,0.62,0.205,152.034,0.037,0.0601,0.0,0.55,183963.0,-5.348,0.42,1.0,5.0
261,Random,5AFMjlqAA0skXGqZHGZDxt,Perfect Strangers - Acoustic,Jonas Blue,52.0,2016-07-15,0.672,0.112,117.943,0.0377,0.757,0.0,0.661,191206.0,-4.292,0.609,1.0,0.0
262,Random,7tOAtB2F50KXEkw86frba6,Dancing On My Own - Acoustic,Calum Scott,58.0,2016-06-24,0.0784,0.151,117.964,0.0413,0.954,1.54e-06,0.528,253482.0,-11.402,0.418,1.0,1.0
264,Random,6PkzXU8dlwtfrwyTlUyVnv,Show Me Love - EDX Remix / Radio Edit,Sam Feldt,67.0,2015-06-14,0.659,0.0704,121.022,0.0677,0.297,0.000811,0.832,180336.0,-5.831,0.712,1.0,0.0
265,Random,0aAVBcORefVNADGxgqh8XM,Getaway,Tritonal,44.0,2016-09-09,0.723,0.323,128.138,0.0434,0.128,0.0,0.583,217499.0,-3.888,0.351,0.0,6.0
266,Random,4QVS8YCpK71R4FsxSMCjhP,Tie Me Down (with Elley Duhé),Gryffin,71.0,2018-08-03,0.839,0.102,98.932,0.0644,0.135,0.0,0.548,218296.0,-2.371,0.314,1.0,6.0
267,Random,5JKU2tXiG3yvJtefNwe7ZQ,Touch,3LAU,54.0,2018-02-16,0.797,0.21,110.051,0.0499,0.0166,3.23e-05,0.576,205773.0,-5.476,0.137,0.0,11.0
268,Random,6ULQ6ZRc7JuVutRMy6gfgc,Feel Good,Felix Jaehn,60.0,2018-02-16,0.903,0.168,125.948,0.038,0.121,0.000123,0.702,166947.0,-3.921,0.66,1.0,4.0
269,Random,1I8tHoNBFTuoJAlh4hfVVE,Firestone,Kygo,77.0,2016-05-13,0.634,0.0952,113.927,0.0428,0.393,3.17e-05,0.704,271640.0,-7.374,0.411,0.0,11.0
270,Random,1Sl3njkhhz8nrSPZroDQ82,Complicated (feat. Kiiara),Dimitri Vegas & Like Mike,63.0,2017-07-28,0.819,0.159,90.004,0.0313,0.191,0.0,0.678,184248.0,-3.306,0.499,1.0,8.0
271,Random,2iUXsYOEPhVqEBwsqP70rE,Youngblood,5 Seconds of Summer,82.0,2018-06-15,0.854,0.124,120.274,0.463,0.0169,0.0,0.596,203418.0,-5.114,0.152,0.0,7.0
272,Random,43wzy7JxMEfvCh8ZFeZKYk,Right Now,Nick Jonas,65.0,2018-08-24,0.751,0.0912,103.956,0.193,0.0104,0.0,0.597,201680.0,-4.982,0.568,0.0,6.0
273,Random,4cZ3UsiKd1kUQIaq4BFIj2,No One Compares To You,Jack & Jack,69.0,2019-01-25,0.748,0.0941,111.939,0.0434,0.127,0.0,0.7,182920.0,-6.044,0.631,1.0,1.0
274,Random,6TjP1C3sGQH1jBfzUXfcMg,Kamikaze,MØ,59.0,2015-10-15,0.878,0.328,158.035,0.0646,0.0368,3.39e-06,0.663,214240.0,-3.195,0.704,0.0,1.0
275,Random,5JEx7HbmvHQQswJCsoo9rA,Close To Me (with Diplo) (feat. Swae Lee),Ellie Goulding,71.0,2018-10-24,0.758,0.394,144.107,0.0618,0.0954,0.0,0.575,182623.0,-5.029,0.493,0.0,1.0
277,Random,5p7ujcrUXASCNwRaWNHR1C,Without Me,Halsey,81.0,2018-10-04,0.488,0.0936,136.041,0.0705,0.297,9.11e-06,0.752,201661.0,-7.05,0.533,1.0,6.0
278,Random,2P91MQbaiQOfbiz9VqhqKQ,I Like Me Better,Lauv,83.0,2018-05-31,0.505,0.104,91.97,0.253,0.535,2.55e-06,0.752,197437.0,-7.621,0.419,1.0,9.0
279,Random,5fKBwqSTuCbnJlCOpeRa3o,Sexual,NEIKED,65.0,2016,0.567,0.0705,108.024,0.0651,0.0692,0.0,0.797,188889.0,-7.503,0.843,1.0,2.0
280,Random,4kWO6O1BUXcZmaxitpVUwp,Jackie Chan,Tiësto,74.0,2018-05-18,0.834,0.0586,128.005,0.045,0.374,0.0,0.747,215760.0,-2.867,0.687,0.0,3.0
281,Random,5BIjJP1zlOa3iY65RSkXkr,Nevada (feat. Cozi Zuehlsdorff),Vicetone,0.0,2016-06-24,0.783,0.133,124.015,0.0324,0.299,0.000175,0.605,208562.0,-4.271,0.105,1.0,3.0
282,Random,222B3aljXx6fFwKmFjuBED,Woman Like Me (feat. Nicki Minaj),Little Mix,73.0,2018-11-16,0.854,0.0808,75.002,0.0608,0.177,0.0,0.754,229720.0,-3.449,0.8,0.0,5.0
283,Random,3u1S1OmAUhx5DRlLrXqyp3,Rise,Jonas Blue,72.0,2018-05-25,0.784,0.203,106.066,0.032,0.323,0.0,0.69,194408.0,-4.653,0.669,1.0,1.0
284,Random,7uoulrMQgFZFAIEpRPvewL,Sledgehammer,Fifth Harmony,36.0,2014,0.777,0.0783,99.98,0.046,0.0057,0.0011,0.671,230907.0,-4.322,0.289,1.0,2.0
285,Random,4tCtwWceOPWzenK2HAIJSb,Work from Home (feat. Ty Dolla $ign),Fifth Harmony,78.0,2016-05-27,0.585,0.0644,105.017,0.0432,0.103,3.94e-06,0.803,214480.0,-5.861,0.593,1.0,8.0
286,Random,60wwxj6Dd9NJlirf84wr2c,Clarity,Zedd,75.0,2012-01-01,0.781,0.0749,128.0,0.072,0.0398,0.0,0.509,271427.0,-3.48,0.176,1.0,8.0
287,Random,20axU6S5zq8dMpQBVZSCe3,Untameable,Rachel Varghese,26.0,2019-01-28,0.742,0.0784,169.757,0.0844,0.478,0.0,0.48,178588.0,-5.714,0.509,0.0,11.0
288,Random,65SgMuyu8DvMBzLcE1D0sP,I Don't Do Love Anymore,Medha Sahi,37.0,2019-01-28,0.234,0.14,129.509,0.0282,0.918,4.87e-06,0.59,166615.0,-8.82,0.353,1.0,2.0
289,Random,3tYI3GE47dvrqCvmrh1KYQ,Myself,Medha Sahi,37.0,2019-01-28,0.47,0.121,119.996,0.0289,0.521,0.0224,0.673,204750.0,-8.138,0.257,1.0,2.0
291,Random,3dz63QjQVZy7RYPzx6l3JU,Your Side Of The Bed (feat. Eric Nam),Loote,46.0,2018-06-22,0.764,0.294,109.919,0.0312,0.144,0.0,0.754,196160.0,-3.95,0.929,1.0,8.0
292,Random,01cqobPyx3edvUqwNKV503,Cross Me,Vibe2Vibe,10.0,2019-06-25,0.731,0.0705,94.998,0.199,0.232,0.0,0.809,210327.0,-8.487,0.681,0.0,8.0
293,Random,7dOeiXeTSfA1ixaYmQcWu7,Rich Love (with Seeb),OneRepublic,66.0,2017-07-14,0.872,0.362,104.592,0.314,0.167,0.0,0.401,201257.0,-3.641,0.472,0.0,1.0
295,Random,5NQJnRpJHRaupdegphntQT,Jealous - Remix,Nick Jonas,67.0,2015-11-20,0.71,0.444,93.007,0.0779,0.0132,0.0,0.684,222187.0,-3.614,0.451,0.0,11.0
296,Random,33DzKnwuBE6lfOiADwzd5E,TOOTIMETOOTIMETOOTIME,The 1975,64.0,2018-11-30,0.824,0.0933,114.998,0.0665,0.177,0.0152,0.667,207851.0,-5.867,0.518,1.0,8.0
298,Random,7shgdEooY9RdGuMM71SRax,You Don't Know Me,Kevin Silvester,8.0,2019-04-17,0.713,0.266,179.838,0.212,0.0319,0.0,0.421,239297.0,-5.476,0.319,1.0,11.0
299,Random,2QWP8NYYplOqEFBYGCcq0S,Rain,The Script,62.0,2017-09-01,0.586,0.356,93.02,0.107,0.241,0.0,0.689,209347.0,-7.61,0.611,1.0,6.0
300,Random,410smJMzhna1ADC2ldqVHu,Hoodie,Hey Violet,63.0,2017-06-16,0.699,0.391,94.935,0.0445,0.0126,6.16e-06,0.688,219183.0,-5.0,0.385,1.0,11.0
302,Random,5H9H0i7UCmRDCZRHldbmhN,Sucker for You,Matt Terry,55.0,2017-10-13,0.649,0.332,95.034,0.0691,0.223,0.0,0.876,203680.0,-4.369,0.742,1.0,0.0
303,Random,4F7xiv8waD97haoBAlldPH,NIKES,Jake Miller,39.0,2019-06-28,0.754,0.442,120.001,0.0346,0.174,0.0,0.716,214300.0,-6.826,0.69,0.0,7.0
305,Random,10AsRVRdU07cMAFHeGYO3c,Solo Dance,Martin Jensen,70.0,2016-11-04,0.846,0.195,114.955,0.048,0.0485,0.0,0.746,174933.0,-2.432,0.403,1.0,9.0
307,Random,0U6bQIAh6MCGo1xjbIIx2S,Instagram,Dimitri Vegas & Like Mike,73.0,2019-07-05,0.906,0.423,96.071,0.0965,0.125,0.0,0.765,184558.0,-2.097,0.95,0.0,8.0
308,Random,7hzlzoOwCZ4D3Ow5YZK4kj,Insomnia,Daya,66.0,2019-03-08,0.653,0.383,123.084,0.0611,0.0944,0.0,0.754,179746.0,-5.095,0.379,1.0,7.0
309,Random,5N4erncE7kuUccm7zEmwzk,Electricity (with Dua Lipa),Silk City,75.0,2018-09-06,0.67,0.338,118.159,0.0473,0.0104,3.33e-06,0.588,238173.0,-6.439,0.505,1.0,0.0
311,Random,1LjxmkW3xRQP2HzswhYyyc,Let It Be Me,Steve Aoki,39.0,2019-09-06,0.758,0.106,114.098,0.0864,0.0797,0.0,0.661,224061.0,-5.299,0.387,1.0,7.0
312,Random,1MDuXjpO68UVjbBzrTL1Aq,Red Dress,MAGIC!,51.0,2016-07-01,0.795,0.203,135.978,0.0336,0.0887,0.0,0.653,200800.0,-4.477,0.803,1.0,10.0
313,Random,6h7MPC2hBJHJQuobsRXqwF,Devil Inside Me (feat. KARRA),KSHMR,54.0,2019-05-24,0.869,0.304,134.934,0.0622,0.00214,4.06e-06,0.56,189333.0,-4.587,0.177,0.0,6.0
314,Random,1iaLcGW8ffLMPFSLSGn0Zs,Symphony,Sick Individuals,56.0,2018-10-26,0.888,0.123,127.92,0.0603,0.0374,6.95e-05,0.612,202148.0,-3.796,0.189,1.0,3.0
316,Random,7k6tAZp4m93oswrPqSfBbc,On Me (feat. Ava Max),Thomas Rhett,73.0,2020-05-15,0.721,0.216,177.918,0.0472,0.0119,0.0,0.548,164683.0,-4.466,0.594,1.0,8.0
318,Random,62hK2OalNLhutnAShdq8nS,I Want You to Freak,Rak-Su,49.0,2018-09-28,0.932,0.246,100.036,0.164,0.0145,0.0,0.645,188704.0,-3.129,0.451,0.0,4.0
319,Random,4oEwURnhoLurcwCXnWoMcI,La Bomba,Rak-Su,47.0,2019-11-08,0.713,0.271,121.985,0.128,0.0838,0.0,0.787,174901.0,-5.044,0.888,1.0,1.0
321,Random,2ak79ho44RiDi9DFrqYgfq,Bruised Not Broken (feat. MNEK & Kiana Ledé),Matoma,58.0,2019-06-14,0.573,0.324,110.006,0.0484,0.109,0.0,0.764,160909.0,-4.385,0.685,1.0,6.0
324,Random,2UcK3xgGDxPSyKzKqyPv0s,Girl in the Mirror,Bebe Rexha,65.0,2019-04-26,0.69,0.296,106.966,0.0352,0.0615,0.0,0.748,158066.0,-3.053,0.513,1.0,2.0
326,Random,5H6af60Y0yBIEzjfbAXLBq,Zurna,Blasterjaxx,49.0,2020-11-20,0.637,0.199,130.085,0.0365,0.0605,0.00315,0.584,166154.0,-3.151,0.0659,1.0,1.0
330,Random,2jGOQqWZKjy6A64kWIcdIs,"Like A Riddle (feat. Hearts & Colors, Adam Trigger)",Felix Jaehn,51.0,2018-02-16,0.722,0.117,109.992,0.0377,0.077,4.54e-06,0.809,179565.0,-4.953,0.538,1.0,7.0
331,Random,3CC7fyeynJ2RVDUlUDPNXR,Everything About You (feat. your friend polly),Sam Feldt,56.0,2020-11-27,0.874,0.0697,111.973,0.0425,0.0718,0.0,0.74,178125.0,-2.832,0.447,1.0,6.0
334,Random,4o7zeDjEoPALOH9ZN483Oj,I'm Going Like,Hallman,56.0,2019-01-04,0.803,0.16,125.986,0.0368,0.0207,0.803,0.659,185681.0,-6.945,0.336,1.0,4.0
337,Random,3HTySujYyWa1nZdfiZVZs0,I Luv U (with R3HAB),Sofia Carson,58.0,2020-03-20,0.558,0.116,96.072,0.0641,0.0532,2.14e-05,0.875,150938.0,-6.164,0.44,1.0,1.0
339,Random,4j1fFJvUcQxMrLEMBHV9NQ,So Sick (feat. blackbear) [Martin Jensen Remix],Kiiara,60.0,2020-11-13,0.491,0.0689,121.984,0.0821,0.121,9.69e-06,0.803,165492.0,-7.196,0.589,1.0,6.0
341,Random,2dmZy75CTSv6BFo7IbO0eK,Mr. Saxobeat,Klaas,67.0,2020-02-21,0.889,0.24,127.012,0.127,0.0476,0.0336,0.638,151181.0,-5.276,0.511,0.0,11.0
